,vehicleid,delaytime
0,NE00,11.782894849777222
1,SW03,14.491093635559082
2,NE012,14.722951889038086
3,SW015,14.100092649459839
4,NE024,13.790910720825195
5,SW027,13.201478004455566
6,NE036,12.99537992477417
7,SN14,22.64068055152893
8,NS11,22.291115760803223
9,SE15,24.662589073181152
10,SN116,21.846964836120605
11,NS113,21.682572603225708
12,NW12,23.491379261016846
13,SE117,24.015409469604492
14,SN128,21.086944103240967
15,NS125,20.700287103652954
16,NW114,22.80689311027527
17,SE129,23.20252275466919
18,SN140,19.81021475791931
19,NS137,19.554830074310303
20,NW126,21.96482753753662
21,SE141,21.883654356002808
22,SN152,18.58288335800171
23,NS149,18.40883207321167
24,NW138,20.82065463066101
25,SE153,20.74365520477295
26,SN164,17.81971573829651
27,NS161,17.437171697616577
28,NW150,19.440105438232422
29,SE165,19.79437804222107
30,SN176,16.415003776550293
31,NS173,16.103612661361694
32,NW162,18.551126718521118
33,SE177,18.58619999885559
34,SN188,15.191881656646729
35,NS185,14.996444463729858
36,NW174,17.383140087127686
37,SE189,17.308462619781494
38,SN1100,14.236304998397827
39,NS197,11.004606008529663
40,NW186,16.436511993408203
41,SE1101,11.603875160217285
42,NW198,11.96523380279541
43,EW110,36.40098810195923
44,EN111,37.231998682022095
45,WE17,38.51039385795593
46,EW122,35.702250242233276
47,EN123,36.63697576522827
48,WS18,39.06691765785217
49,EW134,34.81752347946167
50,WE119,38.159865856170654
51,EN135,35.6953558921814
52,WS120,38.420766830444336
53,EW146,33.5921630859375
54,WE131,37.213655948638916
55,EN147,34.83356213569641
56,WS132,37.87125778198242
57,SW039,36.58860445022583
58,NE048,36.37794804573059
59,SW051,35.12464714050293
60,NE060,35.34228563308716
61,SW063,34.499144554138184
62,NE072,34.20645999908447
63,SW075,33.26163959503174
64,NE084,32.997920751571655
65,SW087,32.027994871139526
66,NE096,32.09078645706177
67,EW158,49.83239150047302
68,WE143,53.498239278793335
69,EN159,51.069692611694336
70,WS144,54.062023639678955
71,EW170,48.83998918533325
72,WE155,52.19420051574707
73,EN171,50.02809381484985
74,WS156,52.788326263427734
75,EW182,47.73051619529724
76,WE167,51.320812702178955
77,EN183,49.01921272277832
78,WS168,52.00933790206909
79,EW194,46.49484920501709
80,WE179,50.10570669174194
81,EN195,47.73201942443848
82,WS180,50.70317268371582
83,EW1106,28.25629711151123
84,WE191,48.91872525215149
85,EN1107,28.51038146018982
86,WS192,49.44918084144592
87,WE1103,28.787124395370483
88,EW1118,10.693214654922485
89,EN1119,11.686132907867432
90,WS1104,29.403965950012207
91,WE1115,13.2167067527771
92,WS1116,13.597146987915039
93,WE1127,11.698346853256226
94,EN1131,11.03106689453125
95,WS1128,11.99993371963501
96,EW1130,10.778014898300171
97,EW1142,12.309530019760132
98,EN1143,13.19388222694397
99,WE1139,14.355229616165161
100,WS1140,15.004468441009521
101,WE1151,11.692517042160034
102,EN1155,11.090667963027954
103,WS1152,11.966999530792236
104,EW1154,10.728678226470947
105,EN1167,11.049899578094482
106,EW1166,10.686118841171265
107,WE1163,12.301212310791016
108,WS1164,12.884519338607788
109,SW099,74.31522750854492
110,SW0111,39.3318977355957
111,NE0108,40.815454959869385
112,NE0120,37.15887904167175
113,SW0123,35.94637155532837
114,SW0135,32.93473410606384
115,NE0132,34.53806519508362
116,NE0144,27.286559581756592
117,SN1112,46.89096188545227
118,NS1109,46.43679189682007
119,SE1113,48.591423749923706
120,SN1124,43.49490165710449
121,NS1121,43.17300748825073
122,NW1110,47.289042949676514
123,SE1125,45.6015739440918
124,SN1136,40.443098306655884
125,NS1133,40.096214294433594
126,NW1122,44.39611005783081
127,SE1137,42.524720907211304
128,SN1148,33.33054184913635
129,NS1145,32.94184708595276
130,NW1134,41.32158422470093
131,SE1149,35.46152329444885
132,NW1146,34.16215777397156
133,ES09,105.91086268424988
134,WN06,107.7236340045929
135,ES021,105.36027240753174
136,WN018,107.2164716720581
137,ES033,104.45842361450195
138,WN030,106.19498562812805
139,ES045,103.22799110412598
140,WN042,105.00000095367432
141,ES057,101.96480226516724
142,WN054,103.78326272964478
143,ES069,101.2467131614685
144,WN066,102.96127605438232
145,ES081,99.9501748085022
146,WN078,101.74519157409668
147,ES093,98.72745490074158
148,WN090,100.93984913825989
149,ES0105,11.515674352645874
150,WN0102,11.68012547492981
151,ES0117,11.354738712310791
152,WN0114,11.862551927566528
153,ES0129,11.444509267807007
154,WN0126,11.619308948516846
155,ES0141,11.41516661643982
156,WN0138,11.70231294631958
157,ES0153,11.432111978530884
158,ES0165,11.423031091690063
159,WN0150,11.79721999168396
160,ES0177,11.420259237289429
161,WN0162,11.672482013702393
162,SN1160,48.30729293823242
163,NS1157,47.95166492462158
164,SN1172,35.40522766113281
165,SE1161,50.63000845909119
166,NS1169,35.11779475212097
167,SE1173,37.50805592536926
168,NW1158,49.392048358917236
169,SN1184,32.117554903030396
170,NS1181,31.81909203529358
171,NW1170,36.242238998413086
172,SE1185,34.187071323394775
173,SN1196,28.941654443740845
174,NS1193,28.679271697998047
175,NW1182,32.97422409057617
176,SE1197,31.2133731842041
177,SN1208,14.035749673843384
178,NS1205,13.817641735076904
179,NW1194,29.894240617752075
180,SE1209,16.167112350463867
181,NW1206,14.992345571517944
182,EW1178,47.63721752166748
183,EN1179,48.72454595565796
184,EW1190,44.15613412857056
185,WE1175,49.91841006278992
186,EN1191,45.01167178153992
187,WS1176,50.42933130264282
188,EW1202,41.05300784111023
189,WE1187,46.58372902870178
190,EN1203,41.992148876190186
191,WS1188,46.82692337036133
192,EW1214,26.035032272338867
193,WE1199,43.46677088737488
194,WS1200,43.82494616508484
195,EN1215,27.279014110565186
196,EW1226,11.140900373458862
197,WE1211,28.501237630844116
198,WS1212,28.762709379196167
199,EN1227,12.592450618743896
200,WE1223,13.417898654937744
201,WS1224,13.752834796905518
202,WE1235,11.732749700546265
203,WS1236,11.98178744316101
204,SN1220,20.393004417419434
205,NS1217,20.037310361862183
206,SN1232,14.98350739479065
207,SE1221,22.769579648971558
208,NS1229,14.687581062316895
209,SE1233,16.980305671691895
210,NW1218,21.594229698181152
211,NW1230,15.841345310211182
212,SN1244,11.16895604133606
213,SE1245,13.252385139465332
214,NS1241,11.059885263442993
215,NW1242,12.04212236404419
216,SW0147,92.93621015548706
217,SW0159,87.9218819141388
218,NE0156,89.39452743530273
219,NE0168,76.24035596847534
220,SW0171,75.38381671905518
221,NE0180,73.0204381942749
222,SW0183,72.18923377990723
223,NE0192,70.08434677124023
224,SW0195,69.19600582122803
225,NE0204,55.2063570022583
226,SW0207,54.14819526672363
227,NE0216,40.20134615898132
228,SW0219,39.59067487716675
229,NE0228,34.81796979904175
230,SW0231,34.16821098327637
231,NE0240,25.880526542663574
232,SW0243,25.08492159843445
233,NE0252,20.743753910064697
234,SW0255,12.342291355133057
235,NE0264,12.68123197555542
236,SW0267,12.292492151260376
237,NE0276,12.641526460647583
238,WN0174,68.88479566574097
239,WN0186,68.88734722137451
240,WN0198,68.89019966125488
241,ES0189,68.74157667160034
242,ES0201,68.53199481964111
243,WN0210,68.2764675617218
244,ES0213,66.96859407424927
245,WN0222,53.256232261657715
246,ES0225,52.09852385520935
247,WN0234,48.007033824920654
248,ES0237,46.94511675834656
249,WN0246,39.09053874015808
250,ES0249,37.953065395355225
251,WN0258,34.04248046875
252,ES0261,32.76431226730347
253,WN0270,32.7387170791626
254,ES0273,31.591001749038696
255,WN0282,27.610321283340454
256,ES0285,26.475722551345825
257,WN0294,16.285597801208496
258,ES0297,12.471368074417114
259,WN0306,12.71904182434082
260,ES0309,12.32762622833252
261,WN0318,12.052151441574097
262,ES0321,11.83804988861084
263,EN1239,70.70110201835632
264,EW1238,70.3476812839508
265,EN1251,61.447970151901245
266,EW1250,61.11886668205261
267,WE1247,62.60232853889465
268,EN1263,56.301061153411865
269,WS1248,63.16672158241272
270,EW1262,55.926121950149536
271,WE1259,57.41808867454529
272,WS1260,57.68324828147888
273,EN1275,54.96451234817505
274,EW1274,54.51972198486328
275,WE1271,56.17437481880188
276,WS1272,56.43736004829407
277,EN1287,50.20060157775879
278,EW1286,49.60079503059387
279,WE1283,51.09670090675354
280,WS1284,51.417898416519165
281,EN1299,38.80851483345032
282,EW1298,38.241713523864746
283,WE1295,39.6613392829895
284,WS1296,39.938536643981934
285,EN1311,35.62317395210266
286,EW1310,34.99192142486572
287,WE1307,36.91405749320984
288,WS1308,36.92347860336304
289,EN1323,26.333353519439697
290,EW1322,25.65814709663391
291,WE1319,27.644855260849
292,WS1320,27.65285348892212
293,WE1331,11.689538717269897
294,EN1335,10.909494161605835
295,WS1332,11.946945428848267
296,EW1334,10.700330018997192
297,EN1347,11.46267032623291
298,EW1346,10.69492793083191
299,WE1343,12.572308540344238
300,WS1344,13.173110961914062
301,SW0279,64.43822431564331
302,SW0291,54.793723344802856
303,NE0288,56.40894651412964
304,NE0300,52.940417528152466
305,SW0303,51.59645223617554
306,SW0315,42.50619101524353
307,NE0312,44.116273641586304
308,SW0327,25.516467571258545
309,NE0324,27.100353240966797
310,SW0339,21.009289979934692
311,NE0336,22.641372680664062
312,NE0348,15.30827283859253
313,SW0351,14.077516555786133
314,NE0360,11.703967332839966
315,SW0363,11.400235176086426
316,SN1256,90.23881793022156
317,NS1253,90.03311204910278
318,SN1268,88.85703086853027
319,SE1257,92.47179293632507
320,NS1265,88.44637823104858
321,SE1269,90.98295593261719
322,NW1254,91.25986099243164
323,SN1280,83.79358100891113
324,NS1277,83.46645522117615
325,NW1266,89.70139384269714
326,SE1281,85.89759421348572
327,SN1292,72.43514609336853
328,NS1289,72.01322531700134
329,NW1278,84.71355175971985
330,SE1293,74.49311232566833
331,SN1304,69.27097535133362
332,NS1301,68.92049527168274
333,NW1290,73.32858657836914
334,SE1305,71.53479099273682
335,SN1316,59.97921562194824
336,NS1313,59.62239718437195
337,NW1302,70.08918523788452
338,SE1317,62.07889914512634
339,SN1328,43.050617694854736
340,NS1325,42.69782733917236
341,NW1314,60.82160401344299
342,SE1329,45.31539297103882
343,NW1326,43.92700266838074
344,ES0333,48.54544425010681
345,WN0330,50.510387659072876
346,ES0345,43.49948811531067
347,WN0342,45.27410578727722
348,ES0357,36.354220151901245
349,WN0354,38.06403112411499
350,ES0369,31.156980991363525
351,WN0366,32.92209577560425
352,ES0381,16.271589040756226
353,WN0378,18.06343388557434
354,ES0393,12.827909708023071
355,WN0390,14.735984802246094
356,WN0402,11.69182300567627
357,ES0405,11.456597805023193
358,EW1358,47.718019008636475
359,EN1359,48.60293412208557
360,EW1370,42.27027249336243
361,WE1355,49.7483286857605
362,EN1371,43.14616370201111
363,WS1356,50.44446873664856
364,EW1382,27.256083488464355
365,WE1367,44.73802447319031
366,EN1383,28.187899827957153
367,WS1368,44.98066210746765
368,EW1394,23.85354208946228
369,WE1379,29.647735357284546
370,WS1380,30.0694797039032
371,EN1395,25.139153718948364
372,EW1406,20.666792631149292
373,WE1391,26.321643590927124
374,WS1392,26.726054906845093
375,EN1407,22.17168879508972
376,WE1403,23.037021160125732
377,WS1404,23.366411924362183
378,WE1415,11.773288011550903
379,EN1419,11.207007884979248
380,WS1416,12.04773759841919
381,EW1418,10.840643167495728
382,ES0417,17.347017765045166
383,WN0414,19.04345154762268
384,WN0426,12.538026571273804
385,ES0429,12.31156611442566
386,SN1340,79.67358136177063
387,NS1337,79.52176785469055
388,SN1352,72.50126242637634
389,SE1341,82.38452982902527
390,NS1349,72.28779172897339
391,NW1338,80.94446992874146
392,SN1364,52.91638255119324
393,SE1353,53.53910684585571
394,NS1361,52.94856929779053
395,NW1350,73.65901398658752
396,SN1376,52.628220319747925
397,SE1365,53.56563878059387
398,NS1373,52.23779797554016
399,NW1362,53.8855562210083
400,SN1388,49.33576822280884
401,SE1377,53.61170482635498
402,NS1385,49.094829082489014
403,NW1374,53.62000370025635
404,SN1400,46.352957010269165
405,SE1389,52.39719581604004
406,NS1397,46.075101375579834
407,NW1386,50.48550868034363
408,SN1412,31.7208514213562
409,SE1401,49.07677626609802
410,NS1409,31.37919282913208
411,NW1398,47.315226793289185
412,SN1424,24.493196964263916
413,SE1413,34.36048746109009
414,NS1421,24.292231559753418
415,NW1410,32.59829545021057
416,SN1436,21.54518461227417
417,NS1433,21.265987396240234
418,NW1422,25.529880046844482
419,SE1425,27.641685247421265
420,NW1434,22.94548487663269
421,SE1437,13.425983190536499
422,SN1448,14.403173923492432
423,SE1449,16.13751721382141
424,NS1445,13.936545372009277
425,NW1446,15.312331914901733
426,SE1461,12.8738112449646
427,SN1460,12.15553593635559
428,NS1457,12.160113096237183
429,NW1458,13.122052431106567
430,EW1430,41.06385517120361
431,EN1431,41.94245529174805
432,EW1442,37.862628698349
433,WE1427,43.34408164024353
434,EN1443,38.78542113304138
435,WS1428,44.01752519607544
436,EW1454,25.406395435333252
437,WE1439,40.32340383529663
438,EN1455,26.446089267730713
439,WS1440,40.616334199905396
440,EW1466,20.0426504611969
441,WE1451,28.032901287078857
442,WS1452,28.345683813095093
443,EN1467,21.0649676322937
444,EW1478,13.63851284980774
445,WE1463,22.299018383026123
446,WS1464,22.757587432861328
447,EN1479,15.397367715835571
448,WE1475,16.51572299003601
449,WS1476,16.870330810546875
450,SW0375,80.49370574951172
451,NE0372,82.48318243026733
452,SW0387,77.27454614639282
453,NE0384,78.7947256565094
454,SW0399,74.13130974769592
455,NE0396,75.91927671432495
456,SW0411,59.30594563484192
457,NE0408,61.252540588378906
458,SW0423,52.07945990562439
459,NE0420,54.04016470909119
460,SW0435,49.19571495056152
461,NE0432,50.998913526535034
462,WN0438,57.381839752197266
463,ES0441,55.85937762260437
464,WN0450,44.891690254211426
465,ES0453,43.14967918395996
466,WN0462,39.52657699584961
467,ES0465,37.84674692153931
468,WN0474,33.52612638473511
469,ES0477,31.811962842941284
470,WN0486,25.99575924873352
471,ES0489,24.092891454696655
472,WN0498,13.872177362442017
473,ES0501,12.381088018417358
474,ES0513,12.888591289520264
475,WN0510,14.626396417617798
476,WN0522,13.548593521118164
477,ES0525,12.210744380950928
478,SN1472,44.67086577415466
479,NS1469,44.26576256752014
480,SN1484,36.65966081619263
481,SE1473,47.04567217826843
482,NS1481,36.203367471694946
483,SE1485,39.15761613845825
484,NW1470,45.53149962425232
485,SN1496,24.92398166656494
486,NS1493,24.706933736801147
487,NW1482,37.467986822128296
488,SE1497,27.073190927505493
489,SN1508,21.967034578323364
490,NS1505,21.693779945373535
491,NW1494,25.93152952194214
492,SE1509,24.129825115203857
493,SN1520,20.704663515090942
494,NS1517,20.310955286026
495,NW1506,22.99077081680298
496,SE1521,22.983964443206787
497,NW1518,21.599406242370605
498,SN1532,13.846742153167725
499,SE1533,15.45792031288147
500,NS1529,13.491174221038818
501,NW1530,14.748946905136108
502,SE1545,12.25699520111084
503,SN1544,11.773697137832642
504,NS1541,11.87193775177002
505,NW1542,12.892825603485107
506,SW0447,74.23138451576233
507,NE0444,76.46360850334167
508,SW0459,68.8974678516388
509,NE0456,70.69116830825806
510,SW0471,62.54381847381592
511,NE0468,64.5784113407135
512,SW0483,48.76079487800598
513,NE0480,49.10219430923462
514,SW0495,43.581310987472534
515,NE0492,45.472888231277466
516,SW0507,40.766960859298706
517,NE0504,42.76845574378967
518,SW0519,39.48610329627991
519,NE0516,41.53658604621887
520,WN0534,35.13244700431824
521,ES0537,33.50680947303772
522,WN0546,29.124215602874756
523,ES0549,27.632251977920532
524,WN0558,20.770830392837524
525,ES0561,19.2523295879364
526,SN1556,23.47310161590576
527,NS1553,23.251539945602417
528,SN1568,13.7279691696167
529,SE1557,26.121269941329956
530,NS1565,13.296484231948853
531,NW1554,24.55369997024536
532,SE1569,16.31842017173767
533,NW1566,14.669585227966309
534,SW0531,47.79217982292175
535,NE0528,49.79724431037903
536,SW0543,42.34494352340698
537,NE0540,44.25439715385437
538,SW0555,33.995328187942505
539,NE0552,36.00835299491882
540,SW0567,24.08583903312683
541,NE0564,26.3031005859375
542,SW0579,15.145563840866089
543,NE0576,17.04243516921997
544,NE0588,17.164092540740967
545,SW0591,15.95796275138855
546,NE0600,15.365616083145142
547,EW1490,99.24389672279358
548,EN1491,100.44733190536499
549,EW1502,87.61454033851624
550,WE1487,102.01766419410706
551,EN1503,88.57460379600525
552,WS1488,102.90941309928894
553,EW1514,85.046053647995
554,WE1499,90.45224165916443
555,EN1515,86.14199304580688
556,WS1500,90.96032881736755
557,WS1512,88.69856023788452
558,SN1580,38.982216119766235
559,SE1581,41.0753710269928
560,NS1577,38.80437636375427
561,SN1592,35.853949546813965
562,SE1593,37.98023724555969
563,NS1589,35.530609130859375
564,NW1578,39.85694909095764
565,SN1604,28.367863416671753
566,NW1590,36.63788390159607
567,SE1605,30.51464867591858
568,NS1601,28.021912813186646
569,NW1602,29.121712684631348
570,SN1616,16.035983085632324
571,NS1613,15.414196968078613
572,SE1617,19.045497179031372
573,NW1614,17.02202033996582
574,SN1628,14.160757064819336
575,SE1629,16.02121663093567
576,NS1625,14.016052484512329
577,NW1626,15.128702640533447
578,ES0573,79.60919451713562
579,WN0570,81.83193707466125
580,ES0585,70.14449429512024
581,WN0582,72.16144561767578
582,ES0597,67.3209764957428
583,WN0594,69.52401375770569
584,EW1526,124.71002411842346
585,WE1511,128.54373931884766
586,EN1527,126.22090983390808
587,EW1538,113.36817789077759
588,WE1523,127.60740208625793
589,EN1539,114.79804825782776
590,WS1524,128.00381302833557
591,EW1550,108.00791573524475
592,WE1535,116.51828360557556
593,WS1536,116.52141642570496
594,EN1551,109.38369035720825
595,EW1562,99.76502299308777
596,WE1547,111.1325535774231
597,WS1548,111.1396849155426
598,EN1563,101.2158145904541
599,EW1574,90.12676477432251
600,WE1559,103.01223707199097
601,WS1560,103.02536034584045
602,EN1575,91.80852198600769
603,WS1572,93.85251450538635
604,EW1586,84.15615820884705
605,WE1571,96.60597491264343
606,EN1587,58.581788301467896
607,EW1598,58.491291522979736
608,WE1583,59.274569034576416
609,WS1584,59.83000898361206
610,EN1599,58.34440875053406
611,EW1610,58.2418487071991
612,WE1595,58.978843688964844
613,WS1596,58.97823119163513
614,EN1611,58.05784058570862
615,EW1622,56.449352979660034
616,WE1607,58.255099058151245
617,WS1608,58.68108010292053
618,EN1623,27.444639921188354
619,EW1634,16.956941843032837
620,WE1619,17.669838905334473
621,WS1620,58.27667474746704
622,EN1635,17.164531469345093
623,EW1646,16.651896476745605
624,WE1631,16.93956708908081
625,WS1632,18.199202299118042
626,EN1647,16.823312997817993
627,EW1658,16.262325048446655
628,WS1644,17.85872507095337
629,EN1659,16.444042444229126
630,WE1643,16.435991764068604
631,EW1670,13.493545770645142
632,WS1656,17.46470046043396
633,EN1671,14.874762058258057
634,WE1655,15.671384811401367
635,WS1668,16.686094760894775
636,WE1667,15.392451524734497
637,WE1679,11.89004397392273
638,EN1683,11.191589832305908
639,WS1680,12.155335187911987
640,EW1682,10.823658466339111
641,ES0609,110.14189338684082
642,WN0606,112.33648610115051
643,ES0621,92.95252656936646
644,WN0618,95.55659580230713
645,ES0633,82.60716247558594
646,WN0630,84.84380269050598
647,ES0645,67.53699207305908
648,WN0642,69.83416152000427
649,ES0657,57.04744291305542
650,WN0654,59.11117506027222
651,SN1640,73.28581357002258
652,NS1637,72.86584091186523
653,SN1652,62.08259558677673
654,SE1641,76.03894543647766
655,NS1649,61.6781210899353
656,SE1653,64.61404085159302
657,NW1638,74.4613790512085
658,SN1664,56.631352186203
659,NS1661,56.248311042785645
660,NW1650,63.288933992385864
661,SE1665,59.43583297729492
662,ES0669,60.56346869468689
663,WN0666,62.96090912818909
664,ES0681,50.38027215003967
665,WN0678,52.284412145614624
666,ES0693,31.6487033367157
667,WN0690,33.61230182647705
668,ES0705,27.915737628936768
669,WN0702,30.144002676010132
670,ES0717,24.133217573165894
671,WN0714,24.951890468597412
672,ES0729,20.619572162628174
673,WN0726,23.24383306503296
674,WN0738,20.92028546333313
675,ES0741,18.7589271068573
676,EW1694,48.25472068786621
677,EN1695,49.55737018585205
678,EW1706,44.30791115760803
679,WE1691,50.8595609664917
680,EN1707,45.43150806427002
681,WS1692,51.60603451728821
682,EW1718,40.37319016456604
683,WE1703,47.30437636375427
684,EN1719,41.562366247177124
685,WS1704,47.62839937210083
686,EW1730,36.51539468765259
687,WE1715,43.284756660461426
688,WS1716,43.67718553543091
689,EN1731,38.151695251464844
690,WE1727,39.93102693557739
691,WS1728,40.29153609275818
692,EW1742,33.68620848655701
693,EN1743,35.51802921295166
694,WE1739,36.84451985359192
695,WS1740,37.18911671638489
696,SW0603,161.80770540237427
697,NE0612,145.95680046081543
698,SW0615,144.38477778434753
699,NE0624,134.96285963058472
700,SW0627,134.3047399520874
701,NE0636,120.30214643478394
702,SW0639,119.11855816841125
703,NE0648,109.44304847717285
704,ES0753,15.317035436630249
705,WN0750,17.24429416656494
706,SW0651,118.04753017425537
707,NE0660,113.82211112976074
708,SW0663,112.59296655654907
709,NE0672,103.48016953468323
710,SW0675,102.72991037368774
711,NE0684,84.77059602737427
712,SW0687,83.56200528144836
713,NE0696,81.00977993011475
714,SW0699,83.01182651519775
715,NE0708,80.44934511184692
716,SW0711,28.39751100540161
717,NE0720,28.76896357536316
718,SW0723,28.425886869430542
719,NE0732,28.855408668518066
720,SW0735,28.445559978485107
721,NE0744,28.82911729812622
722,SW0747,28.280532121658325
723,NE0756,27.11520528793335
724,SW0759,28.753170013427734
725,NE0768,21.498663902282715
726,SW0771,20.113291263580322
727,SW0783,15.578796625137329
728,NE0780,17.901381969451904
729,NE0792,15.125500440597534
730,SW0795,14.837168455123901
731,SN1676,135.54623913764954
732,NS1673,134.92142939567566
733,NW1662,146.59467673301697
734,SE1677,137.55794072151184
735,SN1688,116.3320004940033
736,NS1685,115.43117356300354
737,SE1689,118.2392144203186
738,NW1674,136.37631368637085
739,SN1700,112.4858512878418
740,NS1697,111.69765877723694
741,SE1701,114.72799777984619
742,NW1686,117.28628706932068
743,SN1712,108.55021786689758
744,NS1709,107.72657108306885
745,SE1713,110.83099889755249
746,NW1698,113.56750774383545
747,NW1710,109.69740319252014
748,SN1724,108.56265950202942
749,NS1721,107.65689706802368
750,SE1725,111.17938876152039
751,SN1736,102.83262586593628
752,NS1733,102.0268771648407
753,SE1737,105.38062596321106
754,NW1722,109.67898273468018
755,SN1748,64.80113554000854
756,NS1745,64.00523471832275
757,SE1749,66.79537963867188
758,NW1734,103.84363079071045
759,SN1760,58.47629165649414
760,NS1757,57.64202094078064
761,SE1761,60.837141036987305
762,NW1746,65.73923897743225
763,SN1772,49.6359658241272
764,NS1769,48.73597574234009
765,SE1773,51.831310510635376
766,NW1758,59.39389157295227
767,NW1770,50.47759771347046
768,SN1784,20.477906942367554
769,NS1781,20.47803521156311
770,SE1785,20.302594423294067
771,SN1796,19.955297470092773
772,NS1793,19.95861315727234
773,SE1797,19.770254611968994
774,NW1782,21.1816828250885
775,SN1808,12.569752931594849
776,SE1809,14.524505853652954
777,NW1794,20.713224172592163
778,NS1805,12.401715993881226
779,NW1806,13.470813274383545
780,EW1754,80.30772280693054
781,EN1755,81.35734724998474
782,EW1766,73.69993686676025
783,WE1751,82.82807898521423
784,EN1767,74.8524420261383
785,WS1752,83.3974335193634
786,EW1778,64.65388345718384
787,WE1763,76.5607557296753
788,EN1779,65.77230310440063
789,WS1764,76.80736041069031
790,EW1790,54.704821825027466
791,WE1775,67.53657245635986
792,WS1776,67.82528448104858
793,EN1791,56.00001382827759
794,EW1802,50.062620878219604
795,WE1787,57.60488224029541
796,WS1788,57.86126923561096
797,EN1803,51.81621551513672
798,EW1814,24.50388264656067
799,WE1799,52.99491810798645
800,WS1800,53.25910830497742
801,WS1812,27.556098699569702
802,ES0765,82.44909524917603
803,WN0762,84.93530917167664
804,ES0777,73.24840259552002
805,WN0774,75.46604943275452
806,ES0789,63.332226037979126
807,WN0786,65.80602526664734
808,ES0801,58.93556594848633
809,WN0798,61.36300706863403
810,ES0813,33.439199686050415
811,WN0810,35.782800912857056
812,ES0825,22.77331805229187
813,WN0822,24.56122922897339
814,SN1820,27.70683526992798
815,SE1821,30.024670600891113
816,NS1817,27.92156958580017
817,SN1832,15.140409231185913
818,SE1833,17.003865718841553
819,NS1829,14.967323303222656
820,NW1818,29.0240957736969
821,NW1830,16.074475049972534
822,SE1845,14.568429231643677
823,SN1844,14.131572723388672
824,NS1841,14.090158462524414
825,NW1842,15.18606948852539
826,SE1857,15.373357057571411
827,SN1856,18.335504055023193
828,NS1853,17.93963122367859
829,SE1869,16.16367244720459
830,NW1854,19.63912796974182
831,SN1868,15.435031175613403
832,NS1865,15.503359079360962
833,NW1866,16.7420756816864
834,SE1881,17.26626753807068
835,SN1880,16.481101989746094
836,NS1877,16.60128688812256
837,NW1878,17.93239688873291
838,EN1815,77.3891978263855
839,EW1826,65.07838678359985
840,WE1811,78.96795058250427
841,EN1827,66.51633214950562
842,EW1838,52.13425540924072
843,WE1823,67.75132441520691
844,WS1824,68.13068127632141
845,EN1839,53.82326292991638
846,EW1850,47.2800989151001
847,WS1836,55.19446539878845
848,WE1835,55.59233498573303
849,EN1851,49.26848554611206
850,EW1862,43.876017332077026
851,WS1848,50.58291983604431
852,WE1847,51.000317096710205
853,EW1874,40.0782356262207
854,EN1863,46.388898849487305
855,WS1860,47.47417640686035
856,WE1859,47.91050696372986
857,WS1872,43.89011597633362
858,SW0807,85.11026453971863
859,NE0804,87.52121758460999
860,SW0819,75.46225023269653
861,NE0816,77.02032375335693
862,SW0831,62.974642515182495
863,NE0828,64.81246995925903
864,SW0843,58.12924003601074
865,NE0840,60.45814251899719
866,EW1886,45.14930272102356
867,EN1875,55.27675151824951
868,WE1871,56.9428825378418
869,EW1898,35.521440505981445
870,EN1887,47.719021797180176
871,WS1884,49.01060199737549
872,WE1883,49.38125824928284
873,EW1910,28.105665922164917
874,EN1899,37.98752307891846
875,WS1896,39.36954069137573
876,WE1895,39.7271568775177
877,EW1922,18.01983404159546
878,EN1911,30.621832847595215
879,WS1908,32.090556144714355
880,WE1907,32.46314334869385
881,WS1920,21.534207582473755
882,WN0834,80.66108632087708
883,ES0837,79.17289662361145
884,WN0846,75.58057022094727
885,ES0849,74.03895115852356
886,WN0858,72.33603096008301
887,ES0861,70.58166837692261
888,WN0870,68.70823574066162
889,ES0873,66.67863488197327
890,WN0882,61.03927779197693
891,ES0885,58.83751654624939
892,WN0894,53.92706871032715
893,ES0897,51.66686511039734
894,WN0906,46.78399133682251
895,ES0909,44.17664289474487
896,WN0918,35.994383811950684
897,ES0921,33.95151710510254
898,WN0930,27.22463059425354
899,ES0933,25.11960220336914
900,SN1892,61.21182870864868
901,NS1889,60.65522861480713
902,SN1904,53.37894654273987
903,SE1893,64.2138876914978
904,NS1901,52.791603088378906
905,SE1905,56.58598494529724
906,NW1890,62.19769620895386
907,SN1916,43.15611410140991
908,NS1913,42.64228057861328
909,NW1902,54.27233862876892
910,SE1917,45.81522178649902
911,SN1928,34.31408762931824
912,NS1925,33.6593120098114
913,NW1914,44.04356861114502
914,SE1929,37.085386991500854
915,SN1940,13.353531837463379
916,NW1926,35.218212366104126
917,SE1941,15.809017181396484
918,NS1937,13.301382541656494
919,NW1938,14.316318273544312
920,SE1953,13.773184299468994
921,SN1952,13.008582592010498
922,ES0945,26.99365735054016
923,WN0942,29.04494047164917
924,ES0957,19.773147344589233
925,WN0954,22.041403770446777
926,WN0966,14.733768939971924
927,NS1949,24.981922149658203
928,SN1964,17.239628314971924
929,NW1950,26.137357234954834
930,NS1961,16.912703037261963
931,SE1965,19.696945905685425
932,SN1976,14.354748487472534
933,NW1962,18.471247911453247
934,SE1977,16.695364952087402
935,NS1973,14.442466974258423
936,NW1974,15.853338479995728
937,SW0855,118.00540328025818
938,NE0852,120.42912316322327
939,SW0867,113.7814211845398
940,NE0864,116.24334716796875
941,SW0879,106.12658643722534
942,NE0876,108.87667083740234
943,SW0891,100.46072459220886
944,NE0888,103.20661878585815
945,SW0903,83.04688882827759
946,NE0900,84.02540850639343
947,SW0915,83.4513156414032
948,NE0912,84.48924851417542
949,SW0927,75.49403166770935
950,NE0924,78.42963981628418
951,EN1923,92.42616057395935
952,EW1934,81.73019504547119
953,WE1919,93.66605067253113
954,EN1935,83.73347997665405
955,EW1946,60.915709018707275
956,WE1931,85.49495458602905
957,WS1932,86.0206367969513
958,EN1947,63.235408306121826
959,EW1958,54.078484296798706
960,WE1943,64.87313580513
961,WS1944,64.87516045570374
962,EN1959,56.43157148361206
963,WE1955,58.2273850440979
964,WS1956,58.229721546173096
965,SW0939,67.22132968902588
966,NE0936,69.60800671577454
967,SW0951,60.28424692153931
968,NE0948,62.676833391189575
969,SW0963,34.20233631134033
970,NE0960,34.65381169319153
971,SW0975,34.1848578453064
972,NE0972,34.68559384346008
973,SW0987,37.01627969741821
974,NE0984,37.41096353530884
975,SW0999,29.559046268463135
976,NE0996,32.48815298080444
977,SW01011,25.783990621566772
978,NE01008,28.893242359161377
979,SW01023,17.869392156600952
980,NE01020,20.900928735733032
981,ES0969,68.71553373336792
982,WN0978,66.96416139602661
983,ES0981,65.10009789466858
984,WN0990,54.97482347488403
985,ES0993,53.57802939414978
986,WN01002,44.96649694442749
987,ES01005,42.80334520339966
988,WN01014,41.685821294784546
989,ES01017,39.43422174453735
990,WN01026,33.685386419296265
991,EW1970,75.78148126602173
992,EW1982,72.42970275878906
993,WE1967,78.97963666915894
994,WS1968,78.98890995979309
995,EN1971,78.2910692691803
996,EW1994,60.66906952857971
997,EN1983,74.5219292640686
998,WE1979,75.69147157669067
999,WS1980,75.70010232925415
1000,EW11006,49.5523681640625
1001,EN1995,62.70896887779236
1002,WE1991,63.807841300964355
1003,WS1992,63.81488585472107
1004,EW11018,45.751763105392456
1005,EN11007,51.7372932434082
1006,WE11003,53.193116664886475
1007,WS11004,53.200695514678955
1008,EN11019,48.08207583427429
1009,WE11015,49.6256422996521
1010,WS11016,49.63418674468994
1011,EW11030,40.94527268409729
1012,EW11042,17.389506340026855
1013,EN11031,43.50928616523743
1014,WS11028,44.954060077667236
1015,WE11027,45.3345992565155
1016,EN11043,19.733196258544922
1017,WS11040,20.943523406982422
1018,WE11039,21.33836531639099
1019,SN1988,78.23622131347656
1020,NS1985,77.87916374206543
1021,SN11000,67.06954097747803
1022,SE1989,80.93075680732727
1023,NS1997,66.47610712051392
1024,SE11001,70.3514039516449
1025,NW1986,79.44845938682556
1026,SN11012,63.5880913734436
1027,NS11009,62.903096437454224
1028,NW1998,68.1328501701355
1029,SE11013,66.88851714134216
1030,SN11024,55.48116874694824
1031,NS11021,54.76335525512695
1032,NW11010,64.50556659698486
1033,SE11025,58.70650863647461
1034,SN11036,31.758589506149292
1035,NS11033,31.307076930999756
1036,NW11022,56.39811134338379
1037,SE11037,34.51640272140503
1038,SN11048,21.05587601661682
1039,NS11045,20.720675945281982
1040,NW11034,35.588134765625
1041,SE11049,23.42868661880493
1042,SN11060,18.49912977218628
1043,NS11057,18.097092866897583
1044,NW11046,22.099491119384766
1045,SE11061,21.131152868270874
1046,NW11058,19.67311191558838
1047,SE11073,14.385393619537354
1048,SN11072,13.639059066772461
1049,ES01029,69.92576503753662
1050,ES01041,45.7634973526001
1051,WN01038,48.17617392539978
1052,WN01050,33.83976912498474
1053,ES01053,32.16519021987915
1054,WN01062,31.51597809791565
1055,ES01065,29.704288005828857
1056,WN01074,27.544546365737915
1057,ES01077,25.648496627807617
1058,WN01086,19.358264207839966
1059,ES01089,17.843504428863525
1060,EW11054,49.02471852302551
1061,EN11055,50.25102710723877
1062,EW11066,46.5175244808197
1063,WE11051,51.79977345466614
1064,EN11067,47.83980584144592
1065,WS11052,52.88776731491089
1066,EW11078,38.66887950897217
1067,WE11063,49.97718930244446
1068,EN11079,39.94994592666626
1069,WS11064,50.469292402267456
1070,EW11090,31.10757327079773
1071,WE11075,42.08068251609802
1072,WS11076,42.57646107673645
1073,EN11091,32.77791953086853
1074,EW11102,22.487656831741333
1075,WE11087,34.234959840774536
1076,WS11088,34.736172676086426
1077,EN11103,24.713768243789673
1078,WE11099,25.71327018737793
1079,WS11100,26.287969827651978
1080,EW11114,22.847903728485107
1081,EN11115,25.59252643585205
1082,WE11111,27.45403289794922
1083,WS11112,27.46304416656494
1084,EW11126,21.832967042922974
1085,EN11127,23.47927188873291
1086,WE11123,25.19020104408264
