,vehicleid,recievetime
0,NW10,1709657895.4882185
1,NW10,1709657895.4950175
2,SW01,1709657895.7377956
3,NW10,1709657895.7607436
4,SW01,1709657896.0380638
5,NW10,1709657896.0570102
6,SW01,1709657896.3339653
7,NW10,1709657896.354204
8,SW01,1709657896.6351647
9,NW10,1709657896.6556008
10,SW01,1709657896.937077
11,NW10,1709657896.95472
12,SW01,1709657897.2363167
13,NW10,1709657897.2541249
14,SW01,1709657897.5353053
15,NW10,1709657897.556398
16,SW01,1709657897.841024
17,NS12,1709657897.8559954
18,NW10,1709657897.8700957
19,SW01,1709657898.1326618
20,NS12,1709657898.1469371
21,NW10,1709657898.1590962
22,SW01,1709657898.446634
23,SW03,1709657898.4500723
24,NS12,1709657898.4633904
25,NW10,1709657898.4715605
26,SW01,1709657898.735619
27,SW03,1709657898.7415302
28,NS12,1709657898.7560167
29,NW10,1709657898.7677984
30,SW01,1709657899.0377953
31,SW03,1709657899.0432143
32,NS12,1709657899.0543227
33,NW10,1709657899.0674279
34,SW01,1709657899.3399549
35,SW03,1709657899.347203
36,NS12,1709657899.359191
37,NW10,1709657899.3697357
38,SW01,1709657899.6373522
39,SW03,1709657899.6435356
40,NS12,1709657899.6526914
41,NW10,1709657899.662757
42,SW01,1709657899.9432611
43,SW03,1709657899.954462
44,NS12,1709657899.9657152
45,NW10,1709657899.9774828
46,SW01,1709657900.2376475
47,SW03,1709657900.2448628
48,NS12,1709657900.258937
49,NW10,1709657900.274156
50,SW01,1709657900.5467646
51,SW03,1709657900.5518277
52,NS12,1709657900.568009
53,NS14,1709657900.5768874
54,NW10,1709657900.5956502
55,SW01,1709657900.8388176
56,SW03,1709657900.8436184
57,NS12,1709657900.853419
58,NS14,1709657900.8594944
59,NW10,1709657900.8693564
60,NW15,1709657900.8757918
61,SW01,1709657901.1336725
62,SW03,1709657901.139228
63,NS12,1709657901.1536007
64,NS14,1709657901.160113
65,NW10,1709657901.166056
66,NW15,1709657901.1770632
67,SW01,1709657901.444216
68,SW03,1709657901.4511905
69,NS12,1709657901.4622264
70,NS14,1709657901.4676244
71,NW10,1709657901.47744
72,NW15,1709657901.4824774
73,SW01,1709657901.7333632
74,SW03,1709657901.7394588
75,NS12,1709657901.7480905
76,NS14,1709657901.757441
77,NW10,1709657901.7681456
78,NW15,1709657901.7780313
79,SW01,1709657902.0418458
80,SW03,1709657902.047349
81,SW06,1709657902.0526557
82,NS12,1709657902.0708318
83,NS14,1709657902.0771995
84,NW10,1709657902.082772
85,NW15,1709657902.0892067
86,SW01,1709657902.3501575
87,SW03,1709657902.358561
88,SW06,1709657902.3632505
89,NS12,1709657902.3699622
90,NS14,1709657902.375897
91,NE07,1709657902.3805838
92,NW10,1709657902.393014
93,NW15,1709657902.3975756
94,NW18,1709657902.4030802
95,SW01,1709657902.6402912
96,SW03,1709657902.649701
97,SW06,1709657902.656011
98,NS12,1709657902.6620245
99,NS14,1709657902.665575
100,NE07,1709657902.674702
101,NW10,1709657902.6836095
102,NW15,1709657902.6932743
103,NW18,1709657902.6996408
104,SW01,1709657902.9433296
105,SW03,1709657902.9502766
106,SW06,1709657902.9555137
107,NS12,1709657902.9647772
108,NS14,1709657902.9702702
109,NE07,1709657902.9793398
110,NE09,1709657902.9881864
111,NW10,1709657903.0060074
112,NW15,1709657903.013794
113,NW18,1709657903.0199378
114,SW01,1709657903.242986
115,SW03,1709657903.2470613
116,SW06,1709657903.2504656
117,NS12,1709657903.2635658
118,NS14,1709657903.268633
119,NE07,1709657903.2762291
120,NE09,1709657903.2833114
121,NW10,1709657903.2900937
122,NW15,1709657903.3015187
123,NW18,1709657903.3083236
124,SW01,1709657903.535383
125,SW03,1709657903.5428915
126,SW06,1709657903.5487988
127,NS12,1709657903.5605376
128,NS14,1709657903.5656228
129,NE07,1709657903.5750916
130,NE09,1709657903.5824144
131,NW10,1709657903.5925853
132,NW15,1709657903.6022296
133,NW18,1709657903.6155758
134,SW01,1709657903.8464172
135,SW03,1709657903.8505464
136,SW06,1709657903.863147
137,NS12,1709657903.8736312
138,NS14,1709657903.8779473
139,NE07,1709657903.8864713
140,NE09,1709657903.8992445
141,NW10,1709657903.909729
142,NW15,1709657903.920831
143,NW18,1709657903.927406
144,SW01,1709657904.137945
145,SW03,1709657904.14349
146,SW06,1709657904.148373
147,NS12,1709657904.1573148
148,NS14,1709657904.162266
149,NE07,1709657904.1725788
150,NE09,1709657904.1784062
151,NW10,1709657904.185248
152,NW15,1709657904.1920202
153,NW18,1709657904.1974397
154,SW01,1709657904.4323673
155,SW03,1709657904.4389586
156,SW06,1709657904.4434648
157,NS12,1709657904.453941
158,NS14,1709657904.459677
159,NE07,1709657904.466972
160,NE09,1709657904.4764206
161,NW10,1709657904.4829662
162,NW15,1709657904.4897509
163,NW18,1709657904.4940007
164,SW01,1709657904.7388203
165,SW03,1709657904.746089
166,SW06,1709657904.751431
167,NS12,1709657904.764133
168,NS14,1709657904.7697837
169,NE07,1709657904.774789
170,NE09,1709657904.7793784
171,NE010,1709657904.784064
172,NW10,1709657904.8048563
173,NW15,1709657904.810987
174,NW18,1709657904.815951
175,SW01,1709657905.0331635
176,SW03,1709657905.0384307
177,SW06,1709657905.0426767
178,NS12,1709657905.0637474
179,NS14,1709657905.0690835
180,NE07,1709657905.0754986
181,NE09,1709657905.0801594
182,NE010,1709657905.0848355
183,NW10,1709657905.0897908
184,NW15,1709657905.0941913
185,NW18,1709657905.098284
186,SW01,1709657905.3358073
187,SW03,1709657905.3414152
188,SW06,1709657905.3468437
189,NS12,1709657905.3559337
190,NS14,1709657905.3606732
191,NE07,1709657905.3673
192,NE09,1709657905.374536
193,NE010,1709657905.3789465
194,NW10,1709657905.3826497
195,NW15,1709657905.3873155
196,NW18,1709657905.392263
197,SW01,1709657905.6370301
198,SW03,1709657905.641491
199,SW06,1709657905.6461174
200,NS12,1709657905.6564887
201,NS14,1709657905.6619189
202,NE07,1709657905.668768
203,NE09,1709657905.673779
204,NE010,1709657905.6805804
205,NW10,1709657905.6928349
206,NW15,1709657905.6998909
207,NW18,1709657905.7049992
208,EW1,1709657905.8438208
209,EW1,1709657905.8572214
210,EW1,1709657905.8701046
211,EW1,1709657905.8880913
212,EW1,1709657905.897685
213,EW1,1709657905.9101086
214,EW1,1709657905.9331486
215,EW1,1709657905.938647
216,SW01,1709657905.9486508
217,SW03,1709657905.9539702
218,EW1,1709657905.9610078
219,SW06,1709657905.9674022
220,NS12,1709657905.9725127
221,EW1,1709657905.9778364
222,NS14,1709657905.9833477
223,NE07,1709657905.9888217
224,EW1,1709657905.9938087
225,NE09,1709657905.9991317
226,NE010,1709657906.004798
227,EW1,1709657906.0096385
228,NW10,1709657906.0149274
229,NW15,1709657906.0216606
230,EW1,1709657906.0261
231,NW18,1709657906.030759
232,EW1,1709657906.0365777
233,EW1,1709657906.0410244
234,EW1,1709657906.045653
235,EW1,1709657906.050119
236,EW1,1709657906.056706
237,EW1,1709657906.0616922
238,EW1,1709657906.0665858
239,EW1,1709657906.0731597
240,EW1,1709657906.0792248
241,EW1,1709657906.0853097
242,EW1,1709657906.099439
243,EW1,1709657906.1087062
244,EW1,1709657906.1190658
245,EW1,1709657906.1286323
246,EW1,1709657906.1374915
247,EW1,1709657906.1428747
248,EW1,1709657906.1576705
249,EW1,1709657906.1671796
250,EW1,1709657906.1728535
251,EW1,1709657906.1787426
252,EW1,1709657906.1849928
253,EW1,1709657906.1920273
254,EW1,1709657906.1995678
255,EW1,1709657906.2092705
256,EW1,1709657906.227843
257,EW1,1709657906.2347522
258,SW01,1709657906.2394354
259,EW1,1709657906.244502
260,SW03,1709657906.2496755
261,SW06,1709657906.2549374
262,EW1,1709657906.261907
263,SW011,1709657906.2685263
264,EW1,1709657906.2805278
265,EW1,1709657906.286737
266,NS12,1709657906.291042
267,NS14,1709657906.2957482
268,EW1,1709657906.3018947
269,NE07,1709657906.3067262
270,EW1,1709657906.31096
271,NE09,1709657906.3166642
272,NE010,1709657906.3248336
273,EW1,1709657906.3300622
274,NW10,1709657906.337845
275,NW15,1709657906.3440917
276,EW1,1709657906.3484788
277,NW18,1709657906.3555946
278,EW1,1709657906.3600247
279,EW1,1709657906.3646178
280,EW1,1709657906.3716624
281,EW1,1709657906.3756216
282,EW1,1709657906.3797193
283,EW1,1709657906.3847861
284,EW1,1709657906.389291
285,EW1,1709657906.3942266
286,EW1,1709657906.4001014
287,EW1,1709657906.4126894
288,EW1,1709657906.42009
289,EW1,1709657906.4254944
290,EW1,1709657906.4329042
291,EW1,1709657906.4398925
292,EW1,1709657906.4465504
293,EW1,1709657906.4535344
294,EW1,1709657906.4621572
295,EW1,1709657906.4808996
296,EW1,1709657906.4920979
297,EW1,1709657906.502805
298,EW1,1709657906.5091052
299,EW1,1709657906.5154507
300,SW01,1709657906.5367827
301,SW03,1709657906.5440147
302,SW06,1709657906.5481672
303,SW011,1709657906.553932
304,EW1,1709657906.558787
305,EW1,1709657906.5641212
306,EW1,1709657906.5714982
307,NS12,1709657906.5876307
308,NS14,1709657906.5921965
309,EW1,1709657906.596312
310,NE07,1709657906.6054804
311,EW1,1709657906.6110857
312,NE09,1709657906.6166341
313,NE010,1709657906.6230826
314,NW10,1709657906.627942
315,EW1,1709657906.6332457
316,NW15,1709657906.6377687
317,NW18,1709657906.6430364
318,EW1,1709657906.647768
319,EW1,1709657906.652439
320,EW1,1709657906.6584368
321,EW1,1709657906.6635256
322,EW1,1709657906.6684637
323,EW1,1709657906.6754844
324,EW1,1709657906.683937
325,EW1,1709657906.6891668
326,EW1,1709657906.6963453
327,EW1,1709657906.7069232
328,EW1,1709657906.723073
329,EW1,1709657906.7300704
330,EW1,1709657906.743881
331,EW1,1709657906.7486203
332,EW1,1709657906.7627127
333,EW1,1709657906.768068
334,EW1,1709657906.7843328
335,EW1,1709657906.7881796
336,EW1,1709657906.7918043
337,EW1,1709657906.7970653
338,EW1,1709657906.809854
339,EW1,1709657906.8177018
340,SW01,1709657906.836134
341,EW1,1709657906.8399777
342,SW03,1709657906.842831
343,SW06,1709657906.8475382
344,SW011,1709657906.8537467
345,NS12,1709657906.858124
346,EW1,1709657906.862842
347,EW1,1709657906.8671646
348,NS14,1709657906.870523
349,NE07,1709657906.874085
350,EW1,1709657906.877268
351,NE09,1709657906.8808584
352,NE010,1709657906.8860188
353,EW1,1709657906.8908422
354,NW10,1709657906.8955832
355,NW15,1709657906.9003112
356,NW18,1709657906.9046938
357,EW1,1709657906.9083912
358,EW1,1709657906.9124475
359,EW1,1709657906.9165485
360,EW1,1709657906.9383442
361,EW1,1709657906.9429615
362,EW1,1709657906.952791
363,EW1,1709657906.956608
364,EW1,1709657906.9661877
365,EW1,1709657906.9729881
366,EW1,1709657906.9854555
367,EW1,1709657906.9917622
368,EW1,1709657907.0056658
369,EW1,1709657907.0161707
370,EW1,1709657907.029558
371,EW1,1709657907.0402384
372,EW1,1709657907.0494883
373,EW1,1709657907.0571132
374,EW1,1709657907.0644228
375,EW1,1709657907.0711923
376,EW1,1709657907.0878417
377,EW1,1709657907.0979986
378,EW1,1709657907.114465
379,EW1,1709657907.1344812
380,EW1,1709657907.1412127
381,SW01,1709657907.1450624
382,SW03,1709657907.1520681
383,EW1,1709657907.1572042
384,SW06,1709657907.1631782
385,SW011,1709657907.1704812
386,EW1,1709657907.175473
387,EW1,1709657907.1800017
388,NS12,1709657907.1866744
389,EW1,1709657907.191579
390,NS14,1709657907.2024693
391,EW1,1709657907.2075655
392,NE07,1709657907.2129738
393,NE09,1709657907.2188818
394,NE010,1709657907.2234917
395,EW1,1709657907.227595
396,NW10,1709657907.2351997
397,NW15,1709657907.2398345
398,NW18,1709657907.243908
399,EW1,1709657907.249391
400,NW112,1709657907.254534
401,EW1,1709657907.2670727
402,EW1,1709657907.2722192
403,EW1,1709657907.277988
404,EW1,1709657907.2836094
405,EW1,1709657907.2903364
406,EW1,1709657907.2953742
407,EW1,1709657907.300084
408,EW1,1709657907.3129652
409,EW1,1709657907.324782
410,EW1,1709657907.336662
411,EW1,1709657907.351195
412,EW1,1709657907.3632696
413,EW1,1709657907.3737555
414,EW1,1709657907.381455
415,EW1,1709657907.389911
416,EW1,1709657907.394958
417,EW1,1709657907.4068596
418,EW1,1709657907.4130626
419,EW1,1709657907.421007
420,EW1,1709657907.4305515
421,SW01,1709657907.4380326
422,SW03,1709657907.4426847
423,SW06,1709657907.4473398
424,SW011,1709657907.4535823
425,EW1,1709657907.4579554
426,NS12,1709657907.4622169
427,EW1,1709657907.4671018
428,NS14,1709657907.4727921
429,EW1,1709657907.4778543
430,NE07,1709657907.4831488
431,NE09,1709657907.4882855
432,EW1,1709657907.494006
433,NE010,1709657907.4990125
434,EW1,1709657907.504628
435,NW10,1709657907.5090027
436,NW15,1709657907.5138705
437,EW1,1709657907.519844
438,NW18,1709657907.5249965
439,NW112,1709657907.5296054
440,EW1,1709657907.5355427
441,EW1,1709657907.5413132
442,EW1,1709657907.5460815
443,EW1,1709657907.55128
444,EW1,1709657907.559422
445,EW1,1709657907.563967
446,EW1,1709657907.5701325
447,EW1,1709657907.5756989
448,EW1,1709657907.5801787
449,EW1,1709657907.5865796
450,EW1,1709657907.5897806
451,EW1,1709657907.593601
452,EW1,1709657907.5964918
453,EW1,1709657907.6042771
454,EW1,1709657907.6300247
455,EW1,1709657907.6440086
456,EW1,1709657907.6521544
457,EW1,1709657907.66485
458,EW1,1709657907.6743436
459,EW1,1709657907.6809196
460,EW1,1709657907.6919708
461,EW1,1709657907.7013187
462,EW1,1709657907.7117276
463,EW1,1709657907.7194152
464,EW1,1709657907.7302256
465,SW01,1709657907.7366798
466,SW03,1709657907.7432618
467,EW1,1709657907.7492268
468,SW06,1709657907.75382
469,SW011,1709657907.7590315
470,EW1,1709657907.7635899
471,NS12,1709657907.7697484
472,NS14,1709657907.774285
473,EW1,1709657907.7789524
474,NE07,1709657907.7849047
475,NE09,1709657907.7930691
476,EW1,1709657907.803083
477,NE010,1709657907.8105383
478,NW10,1709657907.8207788
479,EW1,1709657907.8260698
480,NW15,1709657907.835479
481,NW18,1709657907.8426812
482,NW112,1709657907.8488584
483,EW1,1709657907.8566961
484,EW1,1709657907.8638992
485,EW1,1709657907.869682
486,EW1,1709657907.8759549
487,EW1,1709657907.8820024
488,EW1,1709657907.8890078
489,EW1,1709657907.8952868
490,EW1,1709657907.9015038
491,EW1,1709657907.9074354
492,EW1,1709657907.9313126
493,EW1,1709657907.9445846
494,EW1,1709657907.9566236
495,EW1,1709657907.9669974
496,EW1,1709657907.97542
497,EW1,1709657907.9872084
498,EW1,1709657908.0023212
499,EW1,1709657908.0136976
500,EW1,1709657908.0252745
501,EW1,1709657908.0510302
502,SW01,1709657908.0570507
503,SW03,1709657908.0640929
504,EW1,1709657908.069575
505,SW06,1709657908.07774
506,SW011,1709657908.0847065
507,EW1,1709657908.0885112
508,SN113,1709657908.0986843
509,EW1,1709657908.1107607
510,EW1,1709657908.118951
511,EW1,1709657908.127246
512,EW1,1709657908.1358242
513,NE09,1709657908.1411223
514,NE010,1709657908.1463552
515,EW1,1709657908.1530085
516,NW10,1709657908.1580708
517,EW1,1709657908.1628478
518,NW15,1709657908.1735632
519,NW18,1709657908.1787672
520,NW112,1709657908.1866586
521,EW1,1709657908.1913161
522,EW1,1709657908.1952178
523,EW1,1709657908.2008562
524,EW1,1709657908.2059376
525,EW1,1709657908.2097008
526,EW1,1709657908.2132294
527,EW1,1709657908.2202587
528,EW1,1709657908.2258167
529,EW1,1709657908.232105
530,EW1,1709657908.2418754
531,EW1,1709657908.247374
532,EW1,1709657908.2527437
533,EW1,1709657908.2661126
534,EW1,1709657908.2770731
535,EW1,1709657908.2892568
536,EW1,1709657908.3025131
537,EW1,1709657908.3128972
538,EW1,1709657908.3322942
539,EW1,1709657908.3410308
540,SW01,1709657908.3457336
541,SW03,1709657908.3507664
542,SW06,1709657908.3573287
543,EW1,1709657908.3617039
544,SW011,1709657908.366277
545,SN113,1709657908.3730025
546,EW1,1709657908.3776696
547,NS12,1709657908.3833177
548,NS14,1709657908.3886607
549,NS114,1709657908.3940501
550,EW1,1709657908.4053226
551,NE07,1709657908.4105322
552,NE09,1709657908.4156187
553,NE010,1709657908.4210527
554,EW1,1709657908.4257615
555,NW10,1709657908.4320443
556,EW1,1709657908.43743
557,NW15,1709657908.4429514
558,NW18,1709657908.4496274
559,NW112,1709657908.4555705
560,SN1,1709657908.4594715
561,EW1,1709657908.4732141
562,EW1,1709657908.4790576
563,SN1,1709657908.4847293
564,EW1,1709657908.4895954
565,EW1,1709657908.4959693
566,SN1,1709657908.5021439
567,SN1,1709657908.5089667
568,EW1,1709657908.5137591
569,SN1,1709657908.5188298
570,SN1,1709657908.5259128
571,EW1,1709657908.5308995
572,SN1,1709657908.5349684
573,EW1,1709657908.539991
574,SN1,1709657908.544079
575,EW1,1709657908.550288
576,SN1,1709657908.5579326
577,EW1,1709657908.5672264
578,SN1,1709657908.572066
579,EW1,1709657908.576767
580,EW1,1709657908.5836465
581,SN1,1709657908.5897934
582,EW1,1709657908.5946672
583,SN1,1709657908.6056736
584,SN1,1709657908.610935
585,EW1,1709657908.617843
586,SN1,1709657908.6237097
587,EW1,1709657908.6283717
588,SN1,1709657908.6339397
589,EW1,1709657908.638501
590,EW1,1709657908.6432292
591,SN1,1709657908.6478255
592,EW1,1709657908.6530607
593,EW1,1709657908.6573808
594,SN1,1709657908.66218
595,SW03,1709657908.6677775
596,EW1,1709657908.6770263
597,SN113,1709657908.683504
598,EW1,1709657908.6882856
599,NS14,1709657908.6931221
600,SN1,1709657908.6978214
601,NE07,1709657908.702501
602,SN1,1709657908.707109
