,vehicleid,delaytime,,
0,SN10,15.60730386,,
1,SN12,15.30336189,,
2,SN13,15.30392337,,
3,SE18,6.295913696,,
4,SE111,6.314600706,,
5,SN117,6.316006184,,
6,ES04,30.60239244,,
7,ES06,30.60562587,,
8,ES013,18.29776454,,
9,ES019,8.694408417,,
10,EN17,53.99221396,,
11,EW11,65.41132736,,
12,EN19,52.79293394,,
13,EW115,40.49662614,,
14,EN110,52.79131913,,
15,EW122,26.4018209,,
16,EN114,42.58916569,,
17,EW124,20.68090963,,
18,EN121,6.281264782,,
19,EW128,6.288935661,,
20,EW129,6.262580156,,
21,EN126,6.279539108,,
22,EN127,6.276777029,,
23,EW137,6.292826653,,
24,EW139,6.28183651,,
25,EW140,6.295598269,,
26,SW05,79.21783924,,
27,SW012,70.80834794,,
28,SW016,64.49767303,,
29,SW020,57.59431696,,
30,SW033,6.561953306,,
31,SW036,6.567528248,,
32,SW038,6.577561855,,
33,SW042,6.58144927,,
34,SW048,6.574594975,,
35,SW054,6.588934898,,
36,SW056,6.587707281,,
37,SW061,6.587367058,,
38,SW062,6.592431784,,
39,SN118,81.60245109,,
40,SN130,62.40133977,,
41,SE123,68.42792583,,
42,SN131,62.39751816,,
43,SE125,66.06414914,,
44,SN132,60.59591675,,
45,SE134,52.77366066,,
46,SN135,51.57080698,,
47,SE143,45.04575086,,
48,SN141,47.10385823,,
49,SE149,6.352315903,,
50,SN144,6.295495272,,
51,SN145,6.292289257,,
52,SE164,6.299917936,,
53,SN146,6.26187396,,
54,SE165,6.263504028,,
55,SN147,6.259237766,,
56,SE169,6.265216351,,
57,SN155,6.260572672,,
58,SN157,6.287567139,,
59,SN163,6.251248837,,
60,SN168,6.230524778,,
61,SE170,6.270787716,,
62,SN171,6.290239811,,
63,ES053,53.40047336,,
64,ES066,31.19802499,,
65,ES072,18.89838624,,
66,ES077,8.997282982,,
67,ES079,6.287037373,,
68,EN151,80.09576297,,
69,EN152,79.80214643,,
70,EW150,80.41964984,,
71,EN158,71.10512543,,
72,EW167,53.12074423,,
73,EN159,71.09398556,,
74,EW174,41.39895701,,
75,EN160,71.10155916,,
76,EW182,24.92031908,,
77,EN173,6.287741184,,
78,EN175,6.275691032,,
79,EN183,6.265893221,,
80,EW192,6.25563693,,
81,EN186,6.280757189,,
82,EN190,6.272209167,,
83,EW193,6.261351585,,
84,EW195,6.283043385,,
85,EW197,6.303006172,,
86,EW199,6.292497158,,
87,EN1100,6.304883957,,
88,EW1101,6.300196409,,
89,SW076,58.5011909,,
90,SW078,56.09536839,,
91,SW080,49.786906,,
92,SW0107,6.606794119,,
93,SW0113,6.605969906,,
94,SN181,72.58584952,,
95,SE184,66.90452719,,
96,SN191,52.45790124,,
97,SE185,66.00033355,,
98,SN196,45.93789196,,
99,SE187,63.65072274,,
100,SN1111,12.91156435,,
101,SE188,62.40731907,,
102,SE189,6.287578106,,
103,SE194,6.257107258,,
104,SE198,6.278099775,,
105,SE1102,6.290224314,,
106,SE1105,6.28709054,,
107,SE1106,6.265727282,,
108,SE1108,6.282315016,,
109,SE1109,6.283417702,,
110,SN1124,6.316460609,,
111,SE1117,6.296937704,,
112,SE1123,6.298627377,,
113,SN1132,6.296211958,,
114,SN1133,6.292592525,,
115,ES0104,53.69995522,,
116,ES0110,38.39651799,,
117,ES0112,37.49913526,,
118,ES0118,32.69509721,,
119,ES0122,6.287102461,,
120,ES0125,6.281842709,,
121,ES0136,6.281886578,,
122,ES0142,6.301370621,,
123,ES0144,6.301834822,,
124,ES0147,6.296622276,,
125,EN1115,59.10341334,,
126,EW1103,80.40385056,,
127,EW1114,59.98141217,,
128,EN1131,37.50347638,,
129,EW1121,50.99791646,,
130,EN1145,15.90158677,,
131,EW1126,48.01048684,,
132,EW1127,47.10874867,,
133,EW1128,6.267159462,,
134,EW1129,6.271200657,,
135,EW1130,6.261773825,,
136,EW1134,6.271032572,,
137,EW1135,6.272296429,,
138,EW1138,6.296203613,,
139,SW0116,81.62445593,,
140,SW0119,79.49138069,,
141,SW0120,76.18542051,,
142,SW0140,44.99485922,,
143,SW0141,6.553336859,,
144,SW0151,6.577704906,,
145,SW0154,6.586702824,,
146,SW0155,6.582156897,,
147,SW0157,6.609706402,,
148,SW0162,6.562389851,,
149,SN1143,65.10571742,,
150,SE1137,77.09806252,,
151,SN1146,60.89706016,,
152,SE1139,70.52539563,,
153,SN1149,57.61387062,,
154,SE1148,59.11818051,,
155,SN1161,29.95899844,,
156,SE1156,39.01798224,,
157,SE1172,6.286030054,,
158,SE1174,6.269030094,,
159,SN1177,6.286271811,,
160,SN1178,6.286665678,,
161,SN1179,6.282935143,,
162,SN1183,6.316755533,,
163,ES0150,80.68010378,,
164,ES0152,77.40031528,,
165,ES0153,74.67918468,,
166,ES0158,59.98621321,,
167,ES0159,53.70048118,,
168,ES0163,6.282950401,,
169,ES0169,6.286338329,,
170,ES0193,6.28963232,,
171,ES0198,6.301729202,,
172,EN1160,77.99462342,,
173,EW1164,71.1199131,,
174,EN1165,68.39319944,,
175,EW1166,66.02078414,,
176,EN1168,62.09500623,,
177,EW1167,62.42480516,,
178,EN1173,58.80326056,,
179,EW1170,59.41129327,,
180,EN1188,6.277017832,,
181,EW1175,6.270933151,,
182,EN1196,6.268560171,,
183,EW1181,6.257378578,,
184,EN1197,6.286688805,,
185,EW1191,6.27360177,,
186,EN1200,6.274329424,,
187,EW1194,6.252413511,,
188,EW1202,6.24904871,,
189,EW1206,6.275555372,,
190,EN1208,6.305576563,,
191,EN1209,6.301609993,,
192,SW0171,80.09752464,,
193,SW0176,76.19945383,,
194,SW0180,73.19983673,,
195,SW0182,67.79613209,,
196,SW0184,67.78891063,,
197,SW0189,6.574861288,,
198,SW0192,6.571139097,,
199,SW0199,6.564773798,,
200,SW0207,6.564950228,,
201,SW0213,6.563036919,,
202,SN1185,81.57372117,,
203,SE1190,71.72043061,,
204,SN1186,78.27116227,,
205,SN1187,78.26500201,,
206,SE1203,53.38772559,,
207,SN1195,68.10576582,,
208,SE1205,48.8839159,,
209,SN1204,50.05142879,,
210,SE1221,26.38178277,,
211,SN1210,6.276731253,,
212,SE1223,6.271956921,,
213,SN1212,6.275885582,,
214,SE1226,6.27814889,,
215,SN1214,6.278416395,,
216,SN1219,6.259667397,,
217,SE1233,6.280510902,,
218,SN1224,6.288786888,,
219,SE1234,6.267535925,,
220,SE1235,6.228558779,,
221,SE1239,6.311089993,,
222,ES0201,81.58157086,,
223,ES0211,65.69631982,,
224,ES0215,59.38855195,,
225,ES0216,53.39318705,,
226,ES0217,53.38967681,,
227,ES0222,50.08949089,,
228,ES0232,6.285664082,,
229,ES0240,6.275930643,,
230,ES0242,6.273373365,,
231,ES0246,6.29087162,,
232,ES0250,6.30351758,,
233,ES0251,6.301635981,,
234,EN1218,75.88647723,,
235,EW1220,74.38717175,,
236,EN1225,60.28931046,,
237,EW1228,57.29683256,,
238,EN1227,59.08426166,,
239,EW1229,55.78958011,,
240,EN1230,56.68638611,,
241,EW1249,20.10397124,,
242,EN1231,6.288650036,,
243,EW1253,6.282704592,,
244,EN1236,6.281411648,,
245,EW1254,6.266714811,,
246,EN1243,6.271389961,,
247,EN1261,6.296466589,,
248,SW0237,65.40423465,,
249,SW0238,60.58841872,,
250,SW0241,58.15864944,,
251,SW0245,49.47606349,,
252,SW0247,6.573638201,,
253,SW0248,6.572958231,,
254,SW0255,6.57869935,,
255,SW0256,6.575329065,,
256,SW0263,6.574737787,,
257,SN1259,39.31883693,,
258,SE1244,73.20161748,,
259,SE1252,57.90425563,,
260,SN1262,33.61612892,,
261,SE1264,32.41149044,,
262,SE1267,32.38754344,,
263,SE1268,6.271644115,,
264,SE1269,6.294007301,,
265,SE1273,6.282790422,,
266,SN1280,6.301570415,,
267,SE1276,6.276996851,,
268,SN1281,6.286266804,,
269,SE1285,6.300428391,,
270,SN1290,6.305356979,,
271,ES0257,67.48585129,,
272,ES0258,67.19638133,,
273,ES0260,62.99164057,,
274,ES0270,52.1986866,,
275,ES0274,36.88756299,,
276,ES0278,6.282711744,,
277,ES0288,6.280688763,,
278,ES0297,6.27422452,,
279,ES0298,6.297770977,,
280,EN1266,80.67879605,,
281,EW1265,81.01009274,,
282,EN1271,70.19152117,,
283,EW1272,69.91035008,,
284,EN1279,55.18812585,,
285,EW1277,57.903404,,
286,EN1283,47.97383618,,
287,EW1292,35.9958322,,
288,EN1287,45.58114719,,
289,EW1304,6.277219296,,
290,EN1294,6.280225039,,
291,EW1305,6.271805763,,
292,EN1295,6.268516302,,
293,EW1307,6.246469975,,
294,EN1300,6.268345833,,
295,EN1310,6.287258625,,
296,SW0275,81.88977075,,
297,SW0282,71.67144418,,
298,SW0284,71.37094402,,
299,SW0286,69.57661748,,
300,SW0289,6.581952572,,
301,SW0291,6.570164919,,
302,SW0296,6.563492775,,
303,SW0309,6.522108555,,
304,SW0311,6.569051743,,
305,SW0315,6.561497211,,
306,SW0317,6.586400986,,
307,SN1293,80.64980507,,
308,SE1302,58.185426,,
309,SE1303,58.18432713,,
310,SN1299,62.07513666,,
311,SE1306,55.78396654,,
312,SN1301,60.57991648,,
313,SE1316,28.16846037,,
314,SN1308,49.76976204,,
315,SE1320,16.49496484,,
316,SN1322,6.303438187,,
317,SE1321,6.2885952,,
318,SN1324,6.291242123,,
319,SE1323,6.282986641,,
320,SN1327,6.288068056,,
321,SE1328,6.293780327,,
322,SE1329,6.287456274,,
323,SN1332,6.323013544,,
324,SN1333,6.299314499,,
325,SN1335,6.315124273,,
326,SE1338,6.313372612,,
327,SE1341,6.322522879,,
328,ES0318,44.6991539,,
329,ES0334,12.89166808,,
330,ES0336,12.58121467,,
331,ES0337,12.59148812,,
332,ES0346,6.286427975,,
333,ES0349,6.279369831,,
334,ES0353,6.289879322,,
335,EN1312,81.61017942,,
336,EN1313,78.89313745,,
337,EW1319,66.33427715,,
338,EN1314,78.58880806,,
339,EW1331,41.12530589,,
340,EN1343,31.7797873,,
341,EW1340,34.49242139,,
342,EN1344,31.78490496,,
343,EW1342,34.48565841,,
344,EN1345,31.79685664,,
345,EW1352,26.6712985,,
346,EN1348,6.280899525,,
347,EW1357,6.259952545,,
348,EW1359,6.224984407,,
349,EW1362,6.261203051,,
350,EW1369,6.261485338,,
351,EN1371,6.296666622,,
352,EN1376,6.298526764,,
353,EN1378,6.304565668,,
354,SW0325,75.01520133,,
355,SW0326,73.52604961,,
356,SW0330,70.80792427,,
357,SW0339,59.65783262,,
358,SW0350,6.556645155,,
359,SW0351,6.564100504,,
360,SW0354,6.561783552,,
361,SW0360,6.56261611,,
362,SW0361,6.554974079,,
363,SW0363,6.574254036,,
364,SW0382,6.558409929,,
365,SW0383,6.567590237,,
366,SW0384,6.548254967,,
367,SW0393,6.609980345,,
368,SN1347,77.0593679,,
369,SE1355,66.61253595,,
370,SN1356,66.64728165,,
371,SE1367,54.0842104,,
372,SE1368,54.03083134,,
373,SN1358,66.30027461,,
374,SE1372,48.6370976,,
375,SN1364,57.58103752,,
376,SE1373,47.72297835,,
377,SN1365,57.5782299,,
378,SE1390,6.281052113,,
379,SN1366,6.290185928,,
380,SE1391,6.277622461,,
381,SN1374,6.284237862,,
382,SE1398,6.260159254,,
383,SN1379,6.274781227,,
384,SN1381,6.280919075,,
385,SN1386,6.246067286,,
386,SN1399,6.257816553,,
387,SN1404,6.310048819,,
388,ES0370,73.18707609,,
389,ES0375,70.49687171,,
390,ES0377,66.8839097,,
391,ES0389,47.38461351,,
392,ES0405,11.98428631,,
393,ES0406,6.28350687,,
394,ES0407,6.272311211,,
395,ES0409,6.262172222,,
396,ES0414,6.283861876,,
397,ES0416,6.297145128,,
398,EW1380,81.61108685,,
399,EN1387,73.49278879,,
400,EW1385,75.60743976,,
401,EN1388,71.70106959,,
402,EW1392,66.01097631,,
403,EN1395,59.10445738,,
404,EW1412,27.27524018,,
405,EN1397,59.08594012,,
406,EW1413,26.96651793,,
407,EN1400,51.57760406,,
408,EN1403,6.275850296,,
409,EN1410,6.272910833,,
410,EN1420,6.291462421,,
411,SW0394,81.85152769,,
412,SW0396,81.55634904,,
413,SW0401,69.85343623,,
414,SW0402,69.8398838,,
415,SW0415,44.35521007,,
416,SW0417,6.581019402,,
417,SW0426,6.586207867,,
418,SW0428,6.584576368,,
419,SW0431,6.597107649,,
420,SW0432,6.597983122,,
421,SN1408,81.25878406,,
422,SE1411,77.02570891,,
423,SN1424,40.80478001,,
424,SE1418,56.67315698,,
425,SE1421,47.37214661,,
426,SE1422,47.39209723,,
427,SE1425,40.18682957,,
428,SE1433,6.27892518,,
429,SN1438,6.292345047,,
430,SE1436,6.210258007,,
431,SN1444,6.314598799,,
432,SE1445,6.313993216,,
433,ES0419,79.79111671,,
434,ES0423,67.49700356,,
435,ES0429,47.68683004,,
436,ES0442,18.29046679,,
437,ES0448,8.089307547,,
438,ES0452,6.290661812,,
439,EN1427,78.29676795,,
440,EW1430,70.53092504,,
441,EN1434,64.48685241,,
442,EW1446,32.70530868,,
443,EN1435,62.98703575,,
444,EN1437,56.67901802,,
445,EN1439,6.274619102,,
446,EN1441,6.269942522,,
447,EN1443,6.267248631,,
448,EN1447,6.260234594,,
449,EN1451,6.270673752,,
450,EN1461,6.28794241,,
,,,,
,,30.61444823,,96.5738758
