x,y
15.23,-28.05
15.18,-27.99
15.17,-27.96
15.13,-27.91
15.1,-27.87
15.08,-27.84
15.06,-27.82
15.03,-27.78
15.02,-27.76
15.0,-27.73
14.98,-27.71
14.96,-27.67
14.94,-27.64
14.9,-27.59
14.88,-27.56
14.87,-27.54
14.86,-27.53
14.82,-27.47
14.8,-27.44
14.78,-27.43
14.76,-27.4
14.74,-27.37
14.71,-27.33
14.69,-27.3
14.66,-27.26
14.64,-27.23
14.62,-27.2
14.61,-27.18
14.59,-27.16
14.58,-27.14
14.56,-27.11
14.55,-27.1
14.54,-27.08
14.51,-27.05
14.5,-27.02
14.48,-27.01
14.47,-26.99
14.44,-26.95
14.41,-26.91
14.39,-26.88
14.38,-26.86
14.36,-26.84
14.34,-26.81
14.31,-26.77
14.29,-26.74
14.28,-26.73
14.27,-26.7
14.23,-26.66
14.21,-26.63
14.15,-26.54
14.12,-26.49
14.09,-26.46
14.06,-26.42
14.05,-26.4
14.03,-26.38
14.01,-26.35
14.0,-26.34
13.98,-26.3
13.95,-26.26
13.92,-26.21
13.89,-26.17
13.87,-26.15
13.85,-26.13
13.83,-26.1
13.81,-26.06
13.8,-26.05
13.78,-26.02
13.77,-26.0
13.73,-25.96
13.72,-25.94
13.69,-25.89
13.67,-25.86
13.65,-25.84
13.63,-25.82
13.62,-25.8
13.6,-25.77
13.58,-25.73
13.56,-25.68
13.55,-25.66
13.54,-25.65
13.53,-25.61
13.52,-25.59
13.51,-25.56
13.5,-25.54
13.49,-25.5
13.48,-25.46
13.48,-25.42
13.47,-25.38
13.46,-25.31
13.46,-25.29
13.46,-25.26
13.46,-25.2
13.45,-25.18
13.45,-25.12
13.45,-25.08
13.45,-25.04
13.44,-25.01
13.44,-24.99
13.44,-24.94
13.44,-24.88
13.43,-24.83
13.43,-24.79
13.43,-24.74
13.43,-24.71
13.42,-24.67
13.42,-24.65
13.42,-24.61
13.42,-24.56
13.42,-24.52
13.41,-24.49
13.41,-24.46
13.41,-24.41
13.41,-24.39
13.41,-24.36
13.42,-24.35
13.42,-24.32
13.42,-24.28
13.42,-24.23
13.42,-24.2
13.42,-24.15
13.42,-24.12
13.42,-24.09
13.43,-24.05
13.43,-24.02
13.43,-23.98
13.43,-23.91
13.43,-23.86
13.43,-23.83
13.44,-23.81
13.44,-23.77
13.44,-23.73
13.44,-23.71
13.44,-23.65
13.44,-23.63
13.44,-23.57
13.45,-23.52
13.45,-23.48
13.45,-23.43
13.45,-23.39
13.45,-23.36
13.45,-23.31
13.46,-23.28
13.46,-23.24
13.46,-23.21
13.46,-23.17
13.46,-23.13
13.46,-23.09
13.46,-23.07
13.47,-23.03
13.47,-22.98
13.47,-22.93
13.47,-22.9
13.47,-22.88
13.47,-22.84
13.48,-22.79
13.48,-22.75
13.48,-22.72
13.48,-22.69
13.48,-22.66
13.48,-22.62
13.48,-22.58
13.49,-22.51
13.49,-22.48
13.49,-22.46
13.49,-22.42
13.49,-22.37
13.49,-22.35
13.49,-22.29
13.5,-22.22
13.5,-22.17
13.5,-22.15
13.5,-22.1
13.5,-22.05
13.51,-21.99
13.51,-21.94
13.51,-21.91
13.51,-21.88
13.51,-21.84
13.51,-21.8
13.51,-21.76
13.52,-21.7
13.52,-21.68
13.52,-21.62
13.52,-21.58
13.52,-21.55
13.52,-21.51
13.53,-21.49
13.53,-21.45
13.53,-21.41
13.53,-21.39
13.53,-21.35
13.53,-21.32
13.53,-21.29
13.53,-21.25
13.54,-21.23
13.54,-21.18
13.54,-21.14
13.54,-21.09
13.54,-21.06
13.54,-21.02
13.55,-20.98
13.55,-20.94
13.55,-20.85
13.55,-20.83
13.55,-20.77
13.55,-20.74
13.56,-20.72
13.56,-20.69
13.56,-20.65
13.56,-20.63
13.56,-20.6
13.56,-20.58
13.56,-20.55
13.56,-20.5
13.56,-20.48
13.57,-20.46
13.57,-20.43
13.57,-20.39
13.57,-20.35
13.57,-20.29
13.57,-20.26
13.57,-20.22
13.58,-20.19
13.58,-20.16
13.58,-20.1
13.58,-20.05
13.58,-20.02
13.58,-20.0
13.58,-19.96
13.59,-19.94
13.59,-19.91
13.59,-19.87
13.59,-19.84
13.59,-19.8
13.59,-19.77
13.59,-19.73
13.6,-19.68
13.6,-19.64
13.6,-19.6
13.6,-19.54
13.6,-19.51
13.6,-19.46
13.61,-19.42
13.61,-19.36
13.61,-19.3
13.61,-19.28
13.61,-19.26
13.61,-19.23
13.61,-19.18
13.62,-19.14
13.62,-19.11
13.62,-19.06
13.62,-19.01
13.62,-18.94
13.62,-18.91
13.63,-18.9
13.63,-18.85
13.63,-18.78
13.63,-18.73
13.63,-18.71
13.63,-18.67
13.63,-18.65
13.64,-18.62
13.64,-18.57
13.64,-18.51
13.64,-18.43
13.65,-18.35
13.65,-18.32
13.65,-18.28
13.65,-18.22
13.65,-18.14
13.66,-18.11
13.66,-18.09
13.66,-18.07
13.66,-18.01
13.66,-17.97
13.66,-17.94
13.66,-17.91
13.67,-17.84
13.67,-17.79
13.67,-17.75
13.67,-17.69
13.67,-17.65
13.67,-17.6
13.68,-17.53
13.68,-17.5
13.68,-17.46
13.68,-17.44
13.68,-17.41
13.68,-17.38
13.68,-17.33
13.68,-17.3
13.68,-17.28
13.69,-17.26
13.69,-17.22
13.69,-17.18
13.69,-17.13
13.69,-17.09
13.69,-17.05
13.69,-17.02
13.69,-16.99
13.69,-16.93
13.69,-16.9
13.69,-16.86
13.69,-16.84
13.69,-16.8
13.69,-16.76
13.69,-16.67
13.69,-16.61
13.69,-16.58
13.69,-16.53
13.69,-16.51
13.69,-16.45
13.69,-16.42
13.69,-16.37
13.69,-16.33
13.69,-16.29
13.69,-16.23
13.69,-16.19
13.69,-16.13
13.69,-16.11
13.69,-16.08
13.69,-16.04
13.69,-15.99
13.69,-15.96
13.69,-15.91
13.69,-15.88
13.68,-15.85
13.68,-15.82
13.68,-15.8
13.68,-15.77
13.68,-15.73
13.68,-15.7
13.67,-15.68
13.67,-15.63
13.67,-15.6
13.67,-15.54
13.67,-15.52
13.66,-15.48
13.66,-15.42
13.66,-15.38
13.66,-15.35
13.66,-15.32
13.65,-15.31
13.65,-15.28
13.65,-15.22
13.65,-15.18
13.64,-15.13
13.64,-15.09
13.64,-15.05
13.64,-15.01
13.64,-14.97
13.63,-14.94
13.63,-14.91
13.63,-14.88
13.63,-14.84
13.63,-14.8
13.62,-14.75
13.62,-14.72
13.62,-14.69
13.62,-14.65
13.62,-14.63
13.62,-14.6
13.61,-14.55
13.61,-14.51
13.61,-14.45
13.61,-14.42
13.6,-14.38
13.6,-14.34
13.6,-14.3
13.6,-14.24
13.59,-14.19
13.59,-14.13
13.59,-14.1
13.59,-14.05
13.58,-14.03
13.58,-13.99
13.58,-13.95
13.58,-13.92
13.58,-13.88
13.57,-13.86
13.57,-13.81
13.57,-13.76
13.57,-13.72
13.57,-13.69
13.56,-13.68
13.56,-13.64
13.56,-13.59
13.56,-13.55
13.55,-13.5
13.55,-13.47
13.55,-13.43
13.55,-13.41
13.55,-13.36
13.55,-13.32
13.54,-13.27
13.54,-13.25
13.54,-13.19
13.54,-13.14
13.53,-13.09
13.53,-13.05
13.53,-13.01
13.53,-12.99
13.52,-12.95
13.52,-12.88
13.52,-12.84
13.52,-12.81
13.51,-12.77
13.51,-12.73
13.51,-12.68
13.51,-12.63
13.51,-12.6
13.5,-12.56
13.5,-12.52
13.5,-12.49
13.5,-12.45
13.49,-12.4
13.49,-12.32
13.49,-12.27
13.49,-12.23
13.48,-12.21
13.48,-12.18
13.48,-12.14
13.48,-12.1
13.48,-12.08
13.48,-12.06
13.47,-12.04
13.47,-12.01
13.47,-11.98
13.47,-11.95
13.47,-11.91
13.47,-11.87
13.46,-11.83
13.46,-11.79
13.46,-11.72
13.45,-11.68
13.45,-11.64
13.45,-11.58
13.45,-11.55
13.45,-11.53
13.44,-11.49
13.44,-11.46
13.44,-11.43
13.44,-11.4
13.44,-11.37
13.43,-11.31
13.43,-11.27
13.43,-11.24
13.43,-11.21
13.43,-11.15
13.43,-11.09
13.43,-11.05
13.43,-10.99
13.43,-10.93
13.43,-10.88
13.44,-10.85
13.44,-10.8
13.44,-10.77
13.44,-10.73
13.44,-10.67
13.44,-10.65
13.44,-10.6
13.44,-10.57
13.44,-10.51
13.44,-10.47
13.44,-10.45
13.45,-10.4
13.45,-10.38
13.45,-10.34
13.45,-10.28
13.45,-10.25
13.45,-10.21
13.45,-10.13
13.45,-10.1
13.45,-10.05
13.45,-10.0
13.46,-9.98
13.46,-9.92
13.46,-9.88
13.46,-9.84
13.46,-9.81
13.46,-9.76
13.46,-9.7
13.46,-9.65
13.46,-9.6
13.46,-9.58
13.47,-9.53
13.47,-9.49
13.47,-9.46
13.47,-9.42
13.47,-9.36
13.47,-9.3
13.47,-9.27
13.47,-9.23
13.47,-9.2
13.47,-9.18
13.47,-9.16
13.48,-9.12
13.48,-9.09
13.48,-9.06
13.48,-9.03
13.48,-9.0
13.48,-8.96
13.48,-8.93
13.48,-8.89
13.48,-8.86
13.48,-8.83
13.48,-8.79
13.48,-8.75
13.48,-8.73
13.49,-8.69
13.49,-8.66
13.49,-8.61
13.5,-8.57
13.5,-8.54
13.5,-8.49
13.51,-8.46
13.51,-8.42
13.51,-8.37
13.52,-8.34
13.52,-8.28
13.53,-8.25
13.53,-8.22
13.53,-8.18
13.54,-8.14
13.54,-8.09
13.54,-8.07
13.55,-8.01
13.55,-7.97
13.55,-7.94
13.56,-7.92
13.56,-7.88
13.56,-7.83
13.57,-7.82
13.57,-7.8
13.57,-7.78
13.57,-7.74
13.57,-7.72
13.58,-7.69
13.58,-7.65
13.58,-7.61
13.59,-7.57
13.59,-7.54
13.59,-7.51
13.6,-7.49
13.6,-7.4
13.61,-7.37
13.61,-7.33
13.61,-7.29
13.62,-7.25
13.62,-7.23
13.62,-7.18
13.63,-7.14
13.63,-7.1
13.63,-7.06
13.64,-7.04
13.64,-7.0
13.64,-6.96
13.65,-6.92
13.65,-6.88
13.65,-6.85
13.66,-6.81
13.66,-6.77
13.67,-6.73
13.67,-6.68
13.67,-6.64
13.68,-6.6
13.68,-6.54
13.68,-6.51
13.68,-6.47
13.69,-6.4
13.69,-6.37
13.69,-6.32
13.7,-6.26
13.7,-6.22
13.71,-6.13
13.71,-6.1
13.71,-6.05
13.71,-6.01
13.71,-5.98
13.72,-5.92
13.72,-5.86
13.72,-5.83
13.72,-5.8
13.73,-5.77
13.73,-5.74
13.73,-5.7
13.73,-5.68
13.73,-5.62
13.74,-5.59
13.74,-5.55
13.74,-5.51
13.74,-5.48
13.74,-5.43
13.74,-5.4
13.75,-5.37
13.75,-5.33
13.75,-5.31
13.75,-5.26
13.75,-5.21
13.76,-5.17
13.76,-5.14
13.76,-5.1
13.76,-5.06
13.76,-5.02
13.77,-4.96
13.77,-4.9
13.77,-4.87
13.77,-4.83
13.77,-4.78
13.78,-4.74
13.78,-4.7
13.78,-4.66
13.78,-4.6
13.78,-4.56
13.79,-4.5
13.79,-4.46
13.79,-4.4
13.79,-4.35
13.8,-4.33
13.8,-4.28
13.8,-4.24
13.8,-4.21
13.8,-4.18
13.8,-4.15
13.81,-4.13
13.81,-4.1
13.81,-4.06
13.82,-3.98
13.83,-3.94
13.83,-3.91
13.84,-3.88
13.84,-3.84
13.85,-3.81
13.85,-3.79
13.85,-3.77
13.86,-3.73
13.87,-3.69
13.89,-3.6
13.9,-3.56
13.92,-3.5
13.94,-3.46
13.96,-3.42
13.98,-3.38
14.01,-3.32
14.04,-3.27
14.05,-3.26
14.08,-3.23
14.1,-3.19
14.11,-3.18
14.15,-3.15
14.17,-3.13
14.19,-3.11
14.21,-3.09
14.25,-3.06
14.26,-3.04
14.28,-3.04
14.29,-3.02
14.31,-3.01
14.32,-3.0
14.35,-2.99
14.38,-2.97
14.41,-2.95
14.42,-2.94
14.44,-2.94
14.46,-2.93
14.5,-2.9
14.52,-2.89
14.54,-2.87
14.56,-2.86
14.59,-2.85
14.61,-2.83
14.64,-2.82
14.68,-2.79
14.76,-2.75
14.79,-2.73
14.81,-2.71
14.86,-2.69
14.88,-2.67
14.91,-2.65
14.94,-2.64
15.0,-2.59
15.02,-2.58
15.05,-2.56
15.12,-2.52
15.15,-2.5
15.18,-2.49
15.21,-2.47
15.28,-2.42
15.29,-2.41
15.34,-2.38
15.37,-2.37
15.38,-2.36
15.44,-2.32
15.45,-2.31
15.48,-2.3
15.52,-2.27
15.55,-2.26
15.59,-2.23
15.61,-2.21
15.64,-2.2
15.65,-2.19
15.67,-2.18
15.69,-2.17
15.74,-2.14
15.76,-2.12
15.78,-2.11
15.82,-2.08
15.84,-2.07
15.87,-2.05
15.92,-2.03
15.96,-2.01
16.0,-1.99
16.03,-1.97
16.07,-1.96
16.08,-1.95
16.11,-1.93
16.13,-1.92
16.17,-1.91
16.18,-1.9
16.22,-1.88
16.26,-1.87
16.28,-1.86
16.29,-1.85
16.33,-1.83
16.36,-1.81
16.39,-1.8
16.41,-1.79
16.45,-1.78
16.48,-1.76
16.5,-1.76
16.52,-1.75
16.54,-1.74
16.58,-1.73
16.61,-1.73
16.63,-1.72
16.65,-1.72
16.7,-1.71
16.73,-1.7
16.77,-1.7
16.82,-1.69
16.91,-1.67
16.94,-1.67
17.0,-1.66
17.03,-1.66
17.07,-1.65
17.11,-1.65
17.15,-1.66
17.18,-1.66
17.22,-1.66
17.27,-1.66
17.35,-1.67
17.4,-1.67
17.44,-1.67
17.49,-1.68
17.54,-1.68
17.58,-1.68
17.61,-1.69
17.66,-1.69
17.69,-1.69
17.73,-1.69
17.78,-1.7
17.82,-1.7
17.86,-1.7
17.9,-1.7
17.92,-1.71
17.96,-1.71
18.0,-1.71
18.03,-1.71
18.06,-1.72
18.1,-1.72
18.13,-1.72
18.18,-1.72
18.22,-1.73
18.26,-1.73
18.31,-1.73
18.36,-1.73
18.38,-1.74
18.42,-1.74
18.45,-1.74
18.49,-1.74
18.54,-1.75
18.58,-1.75
18.61,-1.75
18.65,-1.75
18.69,-1.76
18.73,-1.76
18.77,-1.76
18.81,-1.76
18.84,-1.77
18.87,-1.77
18.89,-1.77
18.93,-1.77
18.97,-1.77
19.01,-1.78
19.08,-1.78
19.15,-1.79
19.19,-1.79
19.21,-1.79
19.25,-1.79
19.28,-1.79
19.31,-1.8
19.37,-1.8
19.4,-1.8
19.44,-1.8
19.48,-1.8
19.54,-1.8
19.58,-1.8
19.64,-1.81
19.7,-1.81
19.74,-1.81
19.8,-1.81
19.86,-1.81
19.9,-1.81
19.94,-1.81
19.97,-1.81
20.01,-1.81
20.03,-1.82
20.07,-1.82
20.11,-1.82
20.15,-1.82
20.19,-1.82
20.23,-1.82
20.25,-1.82
20.28,-1.82
20.35,-1.82
20.38,-1.81
20.43,-1.81
20.47,-1.81
20.49,-1.81
20.52,-1.81
20.54,-1.81
20.6,-1.81
20.66,-1.81
20.7,-1.81
20.77,-1.81
20.8,-1.81
20.83,-1.81
20.89,-1.81
20.93,-1.81
20.97,-1.81
21.01,-1.81
21.05,-1.81
21.09,-1.8
21.12,-1.8
21.14,-1.8
21.18,-1.8
21.24,-1.8
21.3,-1.8
21.34,-1.8
21.41,-1.8
21.45,-1.8
21.49,-1.8
21.53,-1.8
21.57,-1.8
21.6,-1.8
21.64,-1.8
21.7,-1.8
21.72,-1.8
21.77,-1.8
21.81,-1.79
21.85,-1.79
21.89,-1.79
21.92,-1.79
21.95,-1.79
22.03,-1.79
22.07,-1.79
22.09,-1.79
22.12,-1.79
22.16,-1.79
22.2,-1.79
22.23,-1.79
22.25,-1.79
22.29,-1.79
22.32,-1.79
22.35,-1.79
22.39,-1.79
22.41,-1.79
22.44,-1.79
22.48,-1.78
22.52,-1.78
22.58,-1.78
22.62,-1.78
22.66,-1.78
22.71,-1.78
22.73,-1.78
22.76,-1.78
22.81,-1.78
22.84,-1.78
22.89,-1.78
22.93,-1.78
22.96,-1.78
23.0,-1.78
23.04,-1.78
23.08,-1.78
23.11,-1.78
23.13,-1.78
23.17,-1.78
23.19,-1.77
23.21,-1.77
23.25,-1.77
23.28,-1.77
23.31,-1.77
23.34,-1.77
23.36,-1.77
23.39,-1.77
23.43,-1.77
23.46,-1.77
23.5,-1.77
23.56,-1.77
23.61,-1.77
23.65,-1.77
23.68,-1.77
23.72,-1.77
23.79,-1.77
23.83,-1.77
23.86,-1.77
23.9,-1.76
23.97,-1.76
24.0,-1.76
24.03,-1.76
24.07,-1.76
24.1,-1.76
24.15,-1.76
24.19,-1.76
24.22,-1.76
24.26,-1.76
24.3,-1.76
24.32,-1.76
24.37,-1.76
24.42,-1.76
24.46,-1.76
24.5,-1.76
24.55,-1.76
24.59,-1.75
24.62,-1.75
24.66,-1.75
24.7,-1.75
24.76,-1.75
24.79,-1.75
24.81,-1.75
24.85,-1.75
24.89,-1.75
24.93,-1.75
24.96,-1.75
24.99,-1.75
25.02,-1.75
25.08,-1.75
25.1,-1.75
25.14,-1.75
25.19,-1.75
25.22,-1.75
25.26,-1.75
25.31,-1.74
25.35,-1.74
25.39,-1.74
25.45,-1.74
25.49,-1.74
25.52,-1.74
25.56,-1.74
25.6,-1.74
25.65,-1.74
25.7,-1.74
25.72,-1.74
25.76,-1.74
25.83,-1.74
25.87,-1.74
25.92,-1.74
25.95,-1.74
25.99,-1.73
26.01,-1.73
26.05,-1.73
26.08,-1.73
26.12,-1.73
26.15,-1.73
26.19,-1.73
26.23,-1.73
26.26,-1.73
26.3,-1.73
26.34,-1.73
26.38,-1.73
26.44,-1.73
26.51,-1.73
26.55,-1.73
26.58,-1.73
26.62,-1.73
26.66,-1.73
26.7,-1.72
26.78,-1.72
26.83,-1.72
26.88,-1.72
26.92,-1.72
26.95,-1.72
26.99,-1.72
27.02,-1.72
27.04,-1.72
27.08,-1.72
27.11,-1.72
27.14,-1.72
27.18,-1.72
27.22,-1.72
27.26,-1.72
27.31,-1.72
27.35,-1.72
27.39,-1.71
27.43,-1.71
27.47,-1.71
27.51,-1.71
27.55,-1.71
27.59,-1.71
27.63,-1.71
27.67,-1.71
27.7,-1.71
27.74,-1.71
27.78,-1.71
27.82,-1.71
27.87,-1.71
27.91,-1.71
27.95,-1.71
27.99,-1.71
28.03,-1.71
28.07,-1.7
28.11,-1.7
28.15,-1.7
28.18,-1.7
28.21,-1.7
28.25,-1.7
28.28,-1.7
28.31,-1.7
28.35,-1.7
28.39,-1.7
28.43,-1.7
28.47,-1.7
28.5,-1.7
28.54,-1.7
28.59,-1.7
28.63,-1.7
28.66,-1.7
28.7,-1.7
28.74,-1.7
28.76,-1.69
28.8,-1.69
28.84,-1.69
28.89,-1.69
28.93,-1.69
28.97,-1.69
29.01,-1.69
29.04,-1.69
29.08,-1.69
29.13,-1.69
29.17,-1.69
29.2,-1.69
29.24,-1.69
29.29,-1.69
29.33,-1.69
29.37,-1.69
29.41,-1.69
29.45,-1.69
29.49,-1.68
29.53,-1.68
29.58,-1.68
29.62,-1.68
29.66,-1.68
29.7,-1.68
29.74,-1.68
29.78,-1.68
29.82,-1.68
29.85,-1.68
29.89,-1.68
29.93,-1.68
29.97,-1.68
30.01,-1.68
30.03,-1.68
30.06,-1.68
30.12,-1.68
30.16,-1.67
30.2,-1.67
30.24,-1.67
30.29,-1.67
30.32,-1.67
30.37,-1.67
30.41,-1.67
30.47,-1.67
30.51,-1.67
30.55,-1.67
30.59,-1.67
30.65,-1.67
30.68,-1.67
30.71,-1.67
30.76,-1.67
30.78,-1.67
30.82,-1.67
30.86,-1.66
30.9,-1.66
30.94,-1.66
30.96,-1.66
31.02,-1.66
31.06,-1.66
31.1,-1.66
31.14,-1.66
31.18,-1.66
31.2,-1.66
31.25,-1.66
31.28,-1.66
31.32,-1.66
31.35,-1.66
31.39,-1.66
31.45,-1.66
31.47,-1.66
31.52,-1.66
31.55,-1.65
31.59,-1.65
31.62,-1.65
31.67,-1.65
31.72,-1.65
31.75,-1.65
31.79,-1.65
31.83,-1.65
31.87,-1.65
31.9,-1.65
31.96,-1.65
32.01,-1.65
32.03,-1.65
32.08,-1.65
32.14,-1.65
32.16,-1.65
32.22,-1.65
32.25,-1.64
32.28,-1.64
32.3,-1.64
32.34,-1.64
32.37,-1.64
32.44,-1.64
32.47,-1.64
32.52,-1.64
32.57,-1.64
32.6,-1.64
32.63,-1.64
32.67,-1.64
32.73,-1.64
32.77,-1.64
32.81,-1.64
32.84,-1.64
32.88,-1.64
32.94,-1.63
32.98,-1.63
33.01,-1.63
33.05,-1.63
33.1,-1.63
33.15,-1.63
33.21,-1.63
33.23,-1.63
33.27,-1.63
33.31,-1.63
33.34,-1.63
33.4,-1.63
33.45,-1.63
33.47,-1.63
33.53,-1.63
33.58,-1.63
33.63,-1.63
33.69,-1.62
33.75,-1.62
33.79,-1.62
33.84,-1.62
33.88,-1.62
33.92,-1.62
33.97,-1.62
34.01,-1.62
34.06,-1.62
34.1,-1.62
34.14,-1.62
34.19,-1.62
34.22,-1.62
34.28,-1.62
34.33,-1.62
34.35,-1.61
34.39,-1.61
34.44,-1.61
34.49,-1.61
34.52,-1.61
34.56,-1.61
34.61,-1.61
34.64,-1.61
34.7,-1.61
34.74,-1.61
34.76,-1.61
34.78,-1.61
34.82,-1.61
34.87,-1.61
34.91,-1.61
34.97,-1.61
35.0,-1.61
35.04,-1.6
35.1,-1.6
35.16,-1.6
35.21,-1.6
35.25,-1.6
35.29,-1.6
35.35,-1.6
35.39,-1.6
35.43,-1.6
35.47,-1.6
35.5,-1.6
35.54,-1.6
35.58,-1.6
35.63,-1.6
35.67,-1.6
35.7,-1.6
35.73,-1.6
35.76,-1.59
35.8,-1.59
35.84,-1.59
35.88,-1.59
35.92,-1.59
35.96,-1.59
36.0,-1.59
36.05,-1.59
36.1,-1.59
36.14,-1.59
36.16,-1.59
36.21,-1.59
36.24,-1.59
36.27,-1.59
36.3,-1.59
36.34,-1.59
36.38,-1.59
36.42,-1.59
36.45,-1.58
36.48,-1.58
36.55,-1.58
36.6,-1.58
36.65,-1.58
36.69,-1.58
36.73,-1.58
36.75,-1.58
36.79,-1.58
36.83,-1.58
36.87,-1.58
36.9,-1.58
36.93,-1.58
36.97,-1.58
37.01,-1.58
37.04,-1.58
37.1,-1.58
37.16,-1.57
37.18,-1.57
37.22,-1.57
37.25,-1.57
37.28,-1.57
37.33,-1.57
37.36,-1.57
37.41,-1.57
37.44,-1.57
37.51,-1.57
37.55,-1.57
37.58,-1.57
37.63,-1.57
37.68,-1.57
37.73,-1.57
37.77,-1.57
37.81,-1.57
37.83,-1.56
37.88,-1.56
37.92,-1.56
37.97,-1.56
37.99,-1.56
38.04,-1.56
38.06,-1.56
38.1,-1.56
38.12,-1.56
38.16,-1.56
38.23,-1.56
38.25,-1.56
38.29,-1.56
38.33,-1.56
38.39,-1.56
38.44,-1.56
38.46,-1.56
38.49,-1.56
38.53,-1.56
38.56,-1.56
38.62,-1.57
38.65,-1.58
38.67,-1.58
38.72,-1.59
38.76,-1.61
38.79,-1.61
38.82,-1.63
38.85,-1.64
38.92,-1.67
38.95,-1.69
38.99,-1.71
39.02,-1.73
39.04,-1.75
39.06,-1.75
39.07,-1.77
39.11,-1.79
39.17,-1.84
39.19,-1.84
39.23,-1.87
39.29,-1.91
39.32,-1.94
39.36,-1.96
39.37,-1.97
39.41,-2.0
39.43,-2.01
39.48,-2.04
39.5,-2.06
39.53,-2.07
39.54,-2.08
39.58,-2.1
39.61,-2.12
39.64,-2.13
39.65,-2.14
39.68,-2.16
39.69,-2.17
39.71,-2.18
39.74,-2.19
39.77,-2.21
39.79,-2.22
39.82,-2.24
39.89,-2.27
39.92,-2.29
39.93,-2.3
39.95,-2.31
39.98,-2.32
39.99,-2.33
40.03,-2.34
40.08,-2.37
40.11,-2.39
40.14,-2.4
40.17,-2.41
40.2,-2.43
40.23,-2.44
40.25,-2.45
40.26,-2.46
40.33,-2.48
40.35,-2.49
40.38,-2.5
40.43,-2.52
40.48,-2.54
40.5,-2.55
40.55,-2.57
40.57,-2.58
40.61,-2.59
40.65,-2.6
40.68,-2.62
40.7,-2.63
40.72,-2.64
40.75,-2.65
40.77,-2.65
40.83,-2.68
40.86,-2.69
40.91,-2.71
40.94,-2.72
40.96,-2.73
40.99,-2.73
41.01,-2.74
41.05,-2.75
41.1,-2.77
41.13,-2.78
41.15,-2.79
41.17,-2.8
41.21,-2.81
41.26,-2.82
41.3,-2.84
41.34,-2.85
41.37,-2.86
41.42,-2.87
41.47,-2.88
41.5,-2.89
41.53,-2.9
41.56,-2.91
41.62,-2.92
41.66,-2.93
41.69,-2.94
41.7,-2.95
41.73,-2.95
41.76,-2.96
41.81,-2.98
41.84,-2.98
41.89,-3.0
41.96,-3.01
41.99,-3.02
42.03,-3.03
42.07,-3.04
42.12,-3.06
42.14,-3.07
42.18,-3.07
42.2,-3.08
42.22,-3.08
42.24,-3.09
42.31,-3.11
42.37,-3.13
42.42,-3.14
42.46,-3.15
42.51,-3.16
42.55,-3.17
42.59,-3.19
42.64,-3.2
42.68,-3.21
42.71,-3.22
42.74,-3.23
42.78,-3.24
42.81,-3.25
42.86,-3.26
42.89,-3.27
42.92,-3.27
42.96,-3.29
42.99,-3.29
43.01,-3.3
43.03,-3.31
43.08,-3.32
43.11,-3.32
43.13,-3.33
