x,y,w_tr_right_m,w_tr_left_m
-3.65,2.5,0.45,0.45
-3.65,2.45,0.45,0.45
-3.65,2.4,0.45,0.45
-3.65,2.35,0.45,0.45
-3.65,2.3,0.45,0.45
-3.65,2.25,0.45,0.45
-3.65,2.2,0.45,0.45
-3.65,2.15,0.45,0.45
-3.65,2.1,0.45,0.45
-3.65,2.05,0.45,0.45
-3.65,2,0.45,0.45
-3.65,1.95,0.45,0.45
-3.65,1.9,0.45,0.45
-3.65,1.85,0.45,0.45
-3.65,1.8,0.45,0.45
-3.65,1.75,0.45,0.45
-3.65,1.7,0.45,0.45
-3.65,1.65,0.45,0.45
-3.65,1.6,0.45,0.45
-3.65,1.55,0.45,0.45
-3.65,1.5,0.45,0.45
-3.65,1.45,0.45,0.45
-3.65,1.4,0.45,0.45
-3.65,1.35,0.45,0.45
-3.65,1.3,0.45,0.45
-3.65,1.25,0.45,0.45
-3.65,1.2,0.45,0.45
-3.65,1.15,0.45,0.45
-3.65,1.1,0.45,0.45
-3.65,1.05,0.45,0.45
-3.65,1,0.45,0.45
-3.65,0.95,0.45,0.45
-3.65,0.9,0.45,0.45
-3.65,0.85,0.45,0.45
-3.65,0.8,0.45,0.45
-3.65,0.75,0.45,0.45
-3.65,0.7,0.45,0.45
-3.65,0.65,0.45,0.45
-3.65,0.6,0.45,0.45
-3.65,0.55,0.45,0.45
-3.65,0.5,0.45,0.45
-3.65,0.45,0.45,0.45
-3.65,0.4,0.45,0.45
-3.65,0.35,0.45,0.45
-3.65,0.3,0.45,0.45
-3.65,0.25,0.45,0.45
-3.65,0.2,0.45,0.45
-3.65,0.15,0.45,0.45
-3.65,0.1,0.45,0.45
-3.6,0.05,0.45,0.45
-3.6,0,0.45,0.45
-3.6,-0.05,0.4528,0.4528
-3.6,-0.1,0.461,0.461
-3.6,-0.15,0.4743,0.4743
-3.6,-0.2,0.4743,0.4743
-3.55,-0.25,0.4717,0.4717
-3.55,-0.3,0.4924,0.4924
-3.5,-0.35,0.495,0.495
-3.45,-0.4,0.5,0.5
-3.4,-0.45,0.5,0.5
-3.35,-0.5,0.4924,0.4924
-3.3,-0.55,0.4717,0.4717
-3.25,-0.55,0.4924,0.4924
-3.2,-0.6,0.4717,0.4717
-3.15,-0.65,0.4472,0.4472
-3.1,-0.65,0.461,0.461
-3.05,-0.7,0.4472,0.4472
-3,-0.7,0.4472,0.4472
-2.95,-0.75,0.4272,0.4272
-2.9,-0.8,0.4031,0.4031
-2.85,-0.8,0.4272,0.4272
-2.8,-0.8,0.4272,0.4272
-2.75,-0.8,0.4123,0.4123
-2.7,-0.8,0.4031,0.4031
-2.65,-0.8,0.4,0.4
-2.6,-0.85,0.45,0.45
-2.55,-0.85,0.45,0.45
-2.5,-0.85,0.45,0.45
-2.45,-0.85,0.45,0.45
-2.4,-0.85,0.45,0.45
-2.35,-0.85,0.45,0.45
-2.3,-0.85,0.45,0.45
-2.25,-0.85,0.45,0.45
-2.2,-0.85,0.45,0.45
-2.15,-0.85,0.45,0.45
-2.1,-0.85,0.45,0.45
-2.05,-0.85,0.45,0.45
-2,-0.85,0.45,0.45
-1.95,-0.85,0.45,0.45
-1.9,-0.85,0.45,0.45
-1.85,-0.85,0.45,0.45
-1.8,-0.85,0.45,0.45
-1.75,-0.85,0.45,0.45
-1.7,-0.85,0.45,0.45
-1.65,-0.85,0.45,0.45
-1.6,-0.85,0.45,0.45
-1.55,-0.85,0.45,0.45
-1.5,-0.85,0.45,0.45
-1.45,-0.85,0.45,0.45
-1.4,-0.85,0.45,0.45
-1.35,-0.85,0.45,0.45
-1.3,-0.85,0.45,0.45
-1.25,-0.85,0.45,0.45
-1.2,-0.85,0.45,0.45
-1.15,-0.85,0.45,0.45
-1.1,-0.85,0.45,0.45
-1.05,-0.85,0.45,0.45
-1,-0.85,0.45,0.45
-0.95,-0.85,0.45,0.45
-0.9,-0.85,0.45,0.45
-0.85,-0.85,0.45,0.45
-0.8,-0.85,0.45,0.45
-0.75,-0.85,0.45,0.45
-0.7,-0.85,0.45,0.45
-0.65,-0.85,0.45,0.45
-0.6,-0.85,0.45,0.45
-0.55,-0.85,0.45,0.45
-0.5,-0.85,0.45,0.45
-0.45,-0.85,0.45,0.45
-0.4,-0.85,0.45,0.45
-0.35,-0.85,0.45,0.45
-0.3,-0.85,0.45,0.45
-0.25,-0.85,0.45,0.45
-0.2,-0.85,0.45,0.45
-0.15,-0.85,0.45,0.45
-0.1,-0.85,0.45,0.45
-0.05,-0.85,0.45,0.45
0,-0.85,0.45,0.45
0.05,-0.85,0.45,0.45
0.1,-0.85,0.45,0.45
0.15,-0.85,0.45,0.45
0.2,-0.85,0.45,0.45
0.25,-0.85,0.45,0.45
0.3,-0.85,0.45,0.45
0.35,-0.85,0.45,0.45
0.4,-0.85,0.45,0.45
0.45,-0.85,0.45,0.45
0.5,-0.85,0.45,0.45
0.55,-0.85,0.45,0.45
0.6,-0.85,0.45,0.45
0.65,-0.85,0.45,0.45
0.7,-0.85,0.45,0.45
0.75,-0.85,0.45,0.45
0.8,-0.85,0.45,0.45
0.85,-0.85,0.45,0.45
0.9,-0.85,0.45,0.45
0.95,-0.85,0.45,0.45
1,-0.85,0.45,0.45
1.05,-0.85,0.45,0.45
1.1,-0.85,0.45,0.45
1.15,-0.85,0.45,0.45
1.2,-0.85,0.45,0.45
1.25,-0.85,0.45,0.45
1.3,-0.85,0.45,0.45
1.35,-0.85,0.45,0.45
1.4,-0.85,0.45,0.45
1.45,-0.85,0.45,0.45
1.5,-0.85,0.45,0.45
1.55,-0.85,0.45,0.45
1.6,-0.85,0.45,0.45
1.65,-0.85,0.45,0.45
1.7,-0.85,0.45,0.45
1.75,-0.85,0.45,0.45
1.8,-0.85,0.45,0.45
1.85,-0.85,0.45,0.45
1.9,-0.85,0.45,0.45
1.95,-0.85,0.45,0.45
2,-0.85,0.45,0.45
2.05,-0.85,0.45,0.45
2.1,-0.85,0.45,0.45
2.15,-0.85,0.45,0.45
2.2,-0.85,0.45,0.45
2.25,-0.85,0.45,0.45
2.3,-0.85,0.45,0.45
2.35,-0.85,0.45,0.45
2.4,-0.85,0.45,0.45
2.45,-0.85,0.45,0.45
2.5,-0.85,0.45,0.45
2.55,-0.85,0.45,0.45
2.6,-0.85,0.45,0.45
2.65,-0.85,0.45,0.45
2.7,-0.85,0.45,0.45
2.75,-0.85,0.45,0.45
2.8,-0.85,0.45,0.45
2.85,-0.85,0.45,0.45
2.9,-0.85,0.45,0.45
2.95,-0.85,0.45,0.45
3,-0.85,0.45,0.45
3.05,-0.85,0.45,0.45
3.1,-0.85,0.45,0.45
3.15,-0.85,0.45,0.45
3.2,-0.85,0.45,0.45
3.25,-0.85,0.45,0.45
3.3,-0.85,0.45,0.45
3.35,-0.85,0.45,0.45
3.4,-0.85,0.45,0.45
3.45,-0.85,0.45,0.45
3.5,-0.85,0.45,0.45
3.55,-0.85,0.45,0.45
3.6,-0.85,0.45,0.45
3.65,-0.85,0.45,0.45
3.7,-0.85,0.45,0.45
3.75,-0.85,0.45,0.45
3.8,-0.85,0.45,0.45
3.85,-0.85,0.45,0.45
3.9,-0.85,0.45,0.45
3.95,-0.85,0.45,0.45
4,-0.85,0.45,0.45
4.05,-0.85,0.45,0.45
4.1,-0.85,0.45,0.45
4.15,-0.85,0.45,0.45
4.2,-0.85,0.45,0.45
4.25,-0.85,0.45,0.45
4.3,-0.85,0.45,0.45
4.35,-0.85,0.45,0.45
4.4,-0.85,0.45,0.45
4.45,-0.85,0.45,0.45
4.5,-0.85,0.45,0.45
4.55,-0.85,0.45,0.45
4.6,-0.85,0.45,0.45
4.65,-0.85,0.45,0.45
4.7,-0.85,0.45,0.45
4.75,-0.85,0.45,0.45
4.8,-0.85,0.45,0.45
4.85,-0.85,0.45,0.45
4.9,-0.85,0.45,0.45
4.95,-0.85,0.45,0.45
5,-0.85,0.45,0.45
5.05,-0.85,0.45,0.45
5.1,-0.85,0.45,0.45
5.15,-0.85,0.45,0.45
5.2,-0.85,0.45,0.45
5.25,-0.85,0.45,0.45
5.3,-0.85,0.45,0.45
5.35,-0.85,0.45,0.45
5.4,-0.85,0.45,0.45
5.45,-0.85,0.45,0.45
5.5,-0.85,0.45,0.45
5.55,-0.85,0.45,0.45
5.6,-0.85,0.45,0.45
5.65,-0.85,0.45,0.45
5.7,-0.85,0.45,0.45
5.75,-0.85,0.45,0.45
5.8,-0.85,0.45,0.45
5.85,-0.85,0.45,0.45
5.9,-0.85,0.45,0.45
5.95,-0.85,0.45,0.45
6,-0.85,0.45,0.45
6.05,-0.85,0.45,0.45
6.1,-0.85,0.45,0.45
6.15,-0.85,0.45,0.45
6.2,-0.85,0.45,0.45
6.25,-0.85,0.45,0.45
6.3,-0.85,0.45,0.45
6.35,-0.85,0.45,0.45
6.4,-0.85,0.45,0.45
6.45,-0.85,0.45,0.45
6.5,-0.85,0.45,0.45
6.55,-0.85,0.45,0.45
6.6,-0.85,0.45,0.45
6.65,-0.85,0.45,0.45
6.7,-0.85,0.45,0.45
6.75,-0.85,0.45,0.45
6.8,-0.85,0.45,0.45
6.85,-0.85,0.45,0.45
6.9,-0.85,0.45,0.45
6.95,-0.85,0.45,0.45
7,-0.85,0.45,0.45
7.05,-0.85,0.45,0.45
7.1,-0.85,0.45,0.45
7.15,-0.85,0.45,0.45
7.2,-0.85,0.45,0.45
7.25,-0.85,0.45,0.45
7.3,-0.85,0.45,0.45
7.35,-0.85,0.45,0.45
7.4,-0.85,0.45,0.45
7.45,-0.85,0.45,0.45
7.5,-0.85,0.45,0.45
7.55,-0.85,0.45,0.45
7.6,-0.85,0.45,0.45
7.65,-0.85,0.45,0.45
7.7,-0.85,0.45,0.45
7.75,-0.85,0.45,0.45
7.8,-0.85,0.45,0.45
7.85,-0.85,0.45,0.45
7.9,-0.85,0.45,0.45
7.95,-0.85,0.45,0.45
8,-0.85,0.45,0.45
8.05,-0.85,0.45,0.45
8.1,-0.85,0.45,0.45
8.15,-0.85,0.45,0.45
8.2,-0.85,0.45,0.45
8.25,-0.85,0.45,0.45
8.3,-0.85,0.45,0.45
8.35,-0.85,0.45,0.45
8.4,-0.85,0.45,0.45
8.45,-0.85,0.45,0.45
8.5,-0.85,0.45,0.45
8.55,-0.85,0.45,0.45
8.6,-0.85,0.45,0.45
8.65,-0.85,0.45,0.45
8.7,-0.85,0.45,0.45
8.75,-0.85,0.45,0.45
8.8,-0.85,0.45,0.45
8.85,-0.85,0.45,0.45
8.9,-0.85,0.45,0.45
8.95,-0.85,0.45,0.45
9,-0.85,0.45,0.45
9.05,-0.85,0.45,0.45
9.1,-0.85,0.45,0.45
9.15,-0.85,0.45,0.45
9.2,-0.85,0.45,0.45
9.25,-0.85,0.45,0.45
9.3,-0.85,0.45,0.45
9.35,-0.85,0.45,0.45
9.4,-0.85,0.45,0.45
9.45,-0.85,0.45,0.45
9.5,-0.85,0.45,0.45
9.55,-0.85,0.45,0.45
9.6,-0.85,0.45,0.45
9.65,-0.85,0.45,0.45
9.7,-0.85,0.45,0.45
9.75,-0.85,0.45,0.45
9.8,-0.85,0.45,0.45
9.85,-0.85,0.45,0.45
9.9,-0.85,0.45,0.45
9.95,-0.85,0.45,0.45
10,-0.85,0.45,0.45
10.05,-0.85,0.45,0.45
10.1,-0.85,0.45,0.45
10.15,-0.85,0.45,0.45
10.2,-0.85,0.45,0.45
10.25,-0.85,0.45,0.45
10.3,-0.85,0.45,0.45
10.35,-0.85,0.45,0.45
10.4,-0.85,0.45,0.45
10.45,-0.85,0.45,0.45
10.5,-0.85,0.45,0.45
10.55,-0.85,0.45,0.45
10.6,-0.85,0.45,0.45
10.65,-0.85,0.45,0.45
10.7,-0.85,0.45,0.45
10.75,-0.85,0.45,0.45
10.8,-0.85,0.45,0.45
10.85,-0.85,0.45,0.45
10.9,-0.85,0.45,0.45
10.95,-0.85,0.45,0.45
11,-0.85,0.45,0.45
11.05,-0.85,0.45,0.45
11.1,-0.85,0.45,0.45
11.15,-0.85,0.45,0.45
11.2,-0.85,0.45,0.45
11.25,-0.85,0.45,0.45
11.3,-0.85,0.45,0.45
11.35,-0.85,0.45,0.45
11.4,-0.85,0.45,0.45
11.45,-0.85,0.45,0.45
11.5,-0.85,0.45,0.45
11.55,-0.85,0.45,0.45
11.6,-0.85,0.45,0.45
11.65,-0.85,0.45,0.45
11.7,-0.85,0.45,0.45
11.75,-0.85,0.45,0.45
11.8,-0.85,0.45,0.45
11.85,-0.85,0.45,0.45
11.9,-0.85,0.45,0.45
11.95,-0.85,0.45,0.45
12,-0.85,0.45,0.45
12.05,-0.85,0.45,0.45
12.1,-0.85,0.45,0.45
12.15,-0.85,0.45,0.45
12.2,-0.85,0.45,0.45
12.25,-0.85,0.45,0.45
12.3,-0.85,0.45,0.45
12.35,-0.85,0.45,0.45
12.4,-0.85,0.45,0.45
12.45,-0.85,0.45,0.45
12.5,-0.85,0.45,0.45
12.55,-0.85,0.45,0.45
12.6,-0.85,0.45,0.45
12.65,-0.85,0.45,0.45
12.7,-0.85,0.45,0.45
12.75,-0.85,0.45,0.45
12.8,-0.85,0.45,0.45
12.85,-0.85,0.45,0.45
12.9,-0.85,0.45,0.45
12.95,-0.85,0.45,0.45
13,-0.85,0.45,0.45
13.05,-0.85,0.45,0.45
13.1,-0.85,0.45,0.45
13.15,-0.85,0.45,0.45
13.2,-0.85,0.45,0.45
13.25,-0.85,0.45,0.45
13.3,-0.85,0.45,0.45
13.35,-0.85,0.45,0.45
13.4,-0.85,0.45,0.45
13.45,-0.85,0.45,0.45
13.5,-0.85,0.45,0.45
13.55,-0.85,0.45,0.45
13.6,-0.85,0.45,0.45
13.65,-0.85,0.45,0.45
13.7,-0.85,0.45,0.45
13.75,-0.85,0.45,0.45
13.8,-0.85,0.45,0.45
13.85,-0.85,0.45,0.45
13.9,-0.85,0.45,0.45
13.95,-0.85,0.45,0.45
14,-0.85,0.45,0.45
14.05,-0.85,0.45,0.45
14.1,-0.85,0.45,0.45
14.15,-0.85,0.45,0.45
14.2,-0.85,0.45,0.45
14.25,-0.85,0.45,0.45
14.3,-0.85,0.45,0.45
14.35,-0.85,0.45,0.45
14.4,-0.85,0.45,0.45
14.45,-0.85,0.45,0.45
14.5,-0.85,0.45,0.45
14.55,-0.85,0.45,0.45
14.6,-0.85,0.45,0.45
14.65,-0.85,0.45,0.45
14.7,-0.85,0.45,0.45
14.75,-0.85,0.45,0.45
14.8,-0.85,0.45,0.45
14.85,-0.85,0.45,0.45
14.9,-0.85,0.45,0.45
14.95,-0.85,0.45,0.45
15,-0.85,0.45,0.45
15.05,-0.85,0.45,0.45
15.1,-0.85,0.45,0.45
15.15,-0.85,0.45,0.45
15.2,-0.85,0.45,0.45
15.25,-0.85,0.45,0.45
15.3,-0.85,0.45,0.45
15.35,-0.85,0.45,0.45
15.4,-0.85,0.45,0.45
15.45,-0.85,0.45,0.45
15.5,-0.85,0.45,0.45
15.55,-0.85,0.45,0.45
15.6,-0.85,0.45,0.45
15.65,-0.85,0.45,0.45
15.7,-0.85,0.45,0.45
15.75,-0.85,0.45,0.45
15.8,-0.85,0.45,0.45
15.85,-0.85,0.45,0.45
15.9,-0.85,0.45,0.45
15.95,-0.85,0.45,0.45
16,-0.85,0.45,0.45
16.05,-0.85,0.45,0.45
16.1,-0.85,0.45,0.45
16.15,-0.85,0.45,0.45
16.2,-0.85,0.45,0.45
16.25,-0.85,0.45,0.45
16.3,-0.85,0.45,0.45
16.35,-0.85,0.45,0.45
16.4,-0.85,0.45,0.45
16.45,-0.85,0.45,0.45
16.5,-0.85,0.45,0.45
16.55,-0.85,0.45,0.45
16.6,-0.85,0.45,0.45
16.65,-0.85,0.45,0.45
16.7,-0.85,0.45,0.45
16.75,-0.85,0.45,0.45
16.8,-0.85,0.45,0.45
16.85,-0.85,0.45,0.45
16.9,-0.85,0.45,0.45
16.95,-0.85,0.45,0.45
17,-0.85,0.45,0.45
17.05,-0.85,0.45,0.45
17.1,-0.85,0.45,0.45
17.15,-0.85,0.45,0.45
17.2,-0.85,0.45,0.45
17.25,-0.85,0.45,0.45
17.3,-0.85,0.45,0.45
17.35,-0.85,0.45,0.45
17.4,-0.85,0.45,0.45
17.45,-0.85,0.45,0.45
17.5,-0.85,0.45,0.45
17.55,-0.85,0.45,0.45
17.6,-0.85,0.45,0.45
17.65,-0.85,0.45,0.45
17.7,-0.85,0.45,0.45
17.75,-0.85,0.45,0.45
17.8,-0.85,0.45,0.45
17.85,-0.85,0.45,0.45
17.9,-0.85,0.45,0.45
17.95,-0.85,0.45,0.45
18,-0.85,0.45,0.45
18.05,-0.85,0.45,0.45
18.1,-0.85,0.45,0.45
18.15,-0.85,0.45,0.45
18.2,-0.85,0.45,0.45
18.25,-0.85,0.45,0.45
18.3,-0.85,0.45,0.45
18.35,-0.85,0.45,0.45
18.4,-0.85,0.45,0.45
18.45,-0.85,0.45,0.45
18.5,-0.85,0.45,0.45
18.55,-0.85,0.45,0.45
18.6,-0.85,0.45,0.45
18.65,-0.85,0.45,0.45
18.7,-0.85,0.45,0.45
18.75,-0.85,0.45,0.45
18.8,-0.85,0.45,0.45
18.85,-0.85,0.45,0.45
18.9,-0.85,0.45,0.45
18.95,-0.85,0.45,0.45
19,-0.85,0.45,0.45
19.05,-0.85,0.45,0.45
19.1,-0.85,0.45,0.45
19.15,-0.85,0.45,0.45
19.2,-0.85,0.45,0.45
19.25,-0.85,0.45,0.45
19.3,-0.85,0.45,0.45
19.35,-0.85,0.45,0.45
19.4,-0.8,0.4924,0.4924
19.45,-0.8,0.4743,0.4743
19.5,-0.75,0.5099,0.5099
19.55,-0.75,0.5025,0.5025
19.6,-0.75,0.5,0.5
19.65,-0.75,0.4924,0.4924
19.7,-0.7,0.5099,0.5099
19.75,-0.7,0.5099,0.5099
19.8,-0.7,0.5025,0.5025
19.85,-0.65,0.5148,0.5148
19.9,-0.65,0.522,0.522
19.95,-0.65,0.5099,0.5099
20,-0.6,0.5385,0.5385
20.05,-0.6,0.522,0.522
20.1,-0.55,0.559,0.559
20.15,-0.55,0.5385,0.5385
20.2,-0.5,0.559,0.559
20.25,-0.45,0.5385,0.5385
20.3,-0.45,0.5408,0.5408
20.35,-0.4,0.5408,0.5408
20.4,-0.35,0.5315,0.5315
20.45,-0.3,0.5315,0.5315
20.5,-0.25,0.5315,0.5315
20.55,-0.2,0.5315,0.5315
20.6,-0.15,0.522,0.522
20.6,-0.1,0.5,0.5
20.65,-0.05,0.5099,0.5099
20.65,0,0.4924,0.4924
20.65,0.05,0.4743,0.4743
20.65,0.1,0.461,0.461
20.65,0.15,0.4528,0.4528
20.65,0.2,0.45,0.45
20.65,0.25,0.45,0.45
20.7,0.3,0.5,0.5
20.7,0.35,0.5,0.5
20.7,0.4,0.5,0.5
20.7,0.45,0.5,0.5
20.7,0.5,0.5,0.5
20.7,0.55,0.5,0.5
20.7,0.6,0.5,0.5
20.7,0.65,0.5,0.5
20.7,0.7,0.5,0.5
20.7,0.75,0.5,0.5
20.7,0.8,0.5,0.5
20.7,0.85,0.5,0.5
20.7,0.9,0.5,0.5
20.7,0.95,0.5,0.5
20.7,1,0.5,0.5
20.7,1.05,0.5,0.5
20.7,1.1,0.5,0.5
20.7,1.15,0.5,0.5
20.7,1.2,0.5,0.5
20.7,1.25,0.5,0.5
20.7,1.3,0.5,0.5
20.7,1.35,0.5,0.5
20.7,1.4,0.5,0.5
20.7,1.45,0.5,0.5
20.7,1.5,0.5,0.5
20.7,1.55,0.5,0.5
20.7,1.6,0.5,0.5
20.7,1.65,0.5,0.5
20.7,1.7,0.5,0.5
20.7,1.75,0.5,0.5
20.7,1.8,0.5,0.5
20.7,1.85,0.5,0.5
20.7,1.9,0.5,0.5
20.7,1.95,0.5,0.5
20.7,2,0.5,0.5
20.7,2.05,0.5,0.5
20.7,2.1,0.5,0.5
20.7,2.15,0.5,0.5
20.7,2.2,0.5,0.5
20.7,2.25,0.5,0.5
20.7,2.3,0.5,0.5
20.7,2.35,0.5,0.5
20.7,2.4,0.5,0.5
20.7,2.45,0.5,0.5
20.7,2.5,0.5,0.5
20.7,2.55,0.5,0.5
20.7,2.6,0.5,0.5
20.7,2.65,0.5,0.5
20.7,2.7,0.5,0.5
20.7,2.75,0.5,0.5
20.7,2.8,0.5,0.5
20.7,2.85,0.5,0.5
20.7,2.9,0.5,0.5
20.7,2.95,0.5,0.5
20.7,3,0.5,0.5
20.7,3.05,0.5,0.5
20.7,3.1,0.5,0.5
20.7,3.15,0.5,0.5
20.7,3.2,0.5,0.5
20.7,3.25,0.5,0.5
20.7,3.3,0.5,0.5
20.7,3.35,0.5,0.5
20.7,3.4,0.5,0.5
20.7,3.45,0.5,0.5
20.7,3.5,0.5,0.5
20.7,3.55,0.5,0.5
20.7,3.6,0.5,0.5
20.7,3.65,0.5,0.5
20.7,3.7,0.5,0.5
20.7,3.75,0.5,0.5
20.7,3.8,0.5,0.5
20.7,3.85,0.5,0.5
20.7,3.9,0.5,0.5
20.7,3.95,0.5,0.5
20.7,4,0.5,0.5
20.7,4.05,0.5,0.5
20.7,4.1,0.5,0.5
20.7,4.15,0.5,0.5
20.7,4.2,0.5,0.5
20.7,4.25,0.5,0.5
20.7,4.3,0.5,0.5
20.7,4.35,0.5,0.5
20.7,4.4,0.5,0.5
20.7,4.45,0.5,0.5
20.7,4.5,0.5,0.5
20.7,4.55,0.5,0.5
20.7,4.6,0.5,0.5
20.7,4.65,0.5,0.5
20.7,4.7,0.5,0.5
20.7,4.75,0.5,0.5
20.7,4.8,0.5,0.5
20.7,4.85,0.5,0.5
20.7,4.9,0.5,0.5
20.7,4.95,0.5,0.5
20.7,5,0.5,0.5
20.7,5.05,0.5,0.5
20.7,5.1,0.5,0.5
20.7,5.15,0.5,0.5
20.7,5.2,0.5,0.5
20.7,5.25,0.5,0.5
20.7,5.3,0.5,0.5
20.65,5.35,0.55,0.55
20.6,5.4,0.6,0.6
20.6,5.45,0.6,0.6
20.55,5.5,0.65,0.65
20.55,5.55,0.65,0.65
20.5,5.6,0.6519,0.6519
20.45,5.65,0.6403,0.6403
20.4,5.7,0.6265,0.6265
20.35,5.75,0.6042,0.6042
20.3,5.8,0.5831,0.5831
20.25,5.85,0.559,0.559
20.2,5.85,0.5701,0.5701
20.15,5.9,0.5385,0.5385
20.1,5.9,0.559,0.559
20.05,5.95,0.522,0.522
20,5.95,0.5385,0.5385
19.95,6,0.5,0.5
19.9,6,0.5,0.5
19.85,6,0.5,0.5
19.8,6,0.4924,0.4924
19.75,6,0.4743,0.4743
19.7,6,0.461,0.461
19.65,6,0.4528,0.4528
19.6,6,0.45,0.45
19.55,6,0.45,0.45
19.5,6,0.45,0.45
19.45,6,0.45,0.45
19.4,6,0.45,0.45
19.35,6,0.45,0.45
19.3,6,0.45,0.45
19.25,6,0.45,0.45
19.2,6,0.45,0.45
19.15,6,0.45,0.45
19.1,6,0.45,0.45
19.05,6,0.45,0.45
19,6,0.45,0.45
18.95,6,0.45,0.45
18.9,6,0.45,0.45
18.85,6,0.45,0.45
18.8,6,0.45,0.45
18.75,6,0.45,0.45
18.7,6,0.45,0.45
18.65,6,0.45,0.45
18.6,6,0.45,0.45
18.55,6,0.45,0.45
18.5,6,0.45,0.45
18.45,6,0.45,0.45
18.4,6,0.45,0.45
18.35,6,0.45,0.45
18.3,6,0.45,0.45
18.25,6,0.45,0.45
18.2,6,0.45,0.45
18.15,6,0.45,0.45
18.1,6,0.45,0.45
18.05,6,0.45,0.45
18,6,0.45,0.45
17.95,6,0.45,0.45
17.9,6,0.45,0.45
17.85,6,0.45,0.45
17.8,6,0.45,0.45
17.75,6,0.45,0.45
17.7,6,0.45,0.45
17.65,6,0.45,0.45
17.6,6,0.45,0.45
17.55,6,0.45,0.45
17.5,6,0.45,0.45
17.45,6,0.45,0.45
17.4,6,0.45,0.45
17.35,6,0.45,0.45
17.3,6,0.45,0.45
17.25,6,0.45,0.45
17.2,6,0.45,0.45
17.15,6,0.45,0.45
17.1,6,0.45,0.45
17.05,6,0.45,0.45
17,6,0.45,0.45
16.95,6,0.45,0.45
16.9,6,0.45,0.45
16.85,6,0.45,0.45
16.8,6,0.45,0.45
16.75,6,0.45,0.45
16.7,6,0.45,0.45
16.65,6,0.45,0.45
16.6,6,0.45,0.45
16.55,6,0.45,0.45
16.5,6,0.45,0.45
16.45,6,0.45,0.45
16.4,6,0.45,0.45
16.35,6,0.45,0.45
16.3,6,0.45,0.45
16.25,6,0.45,0.45
16.2,6,0.45,0.45
16.15,6,0.45,0.45
16.1,6,0.45,0.45
16.05,6,0.45,0.45
16,6,0.45,0.45
15.95,6,0.45,0.45
15.9,6,0.45,0.45
15.85,6,0.45,0.45
15.8,6,0.45,0.45
15.75,6,0.45,0.45
15.7,6,0.45,0.45
15.65,6,0.45,0.45
15.6,6,0.45,0.45
15.55,6,0.45,0.45
15.5,6,0.45,0.45
15.45,6,0.45,0.45
15.4,6,0.45,0.45
15.35,6,0.45,0.45
15.3,6,0.45,0.45
15.25,6,0.45,0.45
15.2,6,0.45,0.45
15.15,6,0.45,0.45
15.1,6,0.45,0.45
15.05,6,0.45,0.45
15,6,0.45,0.45
14.95,6,0.45,0.45
14.9,6,0.45,0.45
14.85,6,0.45,0.45
14.8,6,0.45,0.45
14.75,6,0.45,0.45
14.7,6,0.45,0.45
14.65,6,0.45,0.45
14.6,6,0.45,0.45
14.55,6,0.45,0.45
14.5,6,0.45,0.45
14.45,6,0.45,0.45
14.4,6,0.45,0.45
14.35,6,0.45,0.45
14.3,6,0.45,0.45
14.25,6,0.45,0.45
14.2,6,0.45,0.45
14.15,6,0.45,0.45
14.1,6,0.45,0.45
14.05,6,0.45,0.45
14,6,0.45,0.45
13.95,6,0.45,0.45
13.9,6,0.45,0.45
13.85,6,0.45,0.45
13.8,6,0.45,0.45
13.75,6,0.45,0.45
13.7,6,0.45,0.45
13.65,6,0.45,0.45
13.6,6,0.45,0.45
13.55,6,0.45,0.45
13.5,6,0.45,0.45
13.45,6,0.45,0.45
13.4,6,0.45,0.45
13.35,6,0.45,0.45
13.3,6,0.45,0.45
13.25,6,0.45,0.45
13.2,6,0.45,0.45
13.15,6,0.45,0.45
13.1,6,0.45,0.45
13.05,6,0.45,0.45
13,6,0.45,0.45
12.95,6,0.45,0.45
12.9,6,0.45,0.45
12.85,6,0.45,0.45
12.8,6,0.45,0.45
12.75,6,0.45,0.45
12.7,6,0.45,0.45
12.65,6,0.45,0.45
12.6,6,0.45,0.45
12.55,6,0.45,0.45
12.5,6,0.45,0.45
12.45,6,0.45,0.45
12.4,6,0.45,0.45
12.35,6,0.45,0.45
12.3,6,0.45,0.45
12.25,6,0.45,0.45
12.2,6,0.45,0.45
12.15,6,0.45,0.45
12.1,6,0.45,0.45
12.05,6,0.45,0.45
12,6,0.45,0.45
11.95,6,0.45,0.45
11.9,6,0.45,0.45
11.85,6,0.45,0.45
11.8,6,0.45,0.45
11.75,6,0.45,0.45
11.7,6,0.45,0.45
11.65,6,0.45,0.45
11.6,6,0.45,0.45
11.55,6,0.45,0.45
11.5,6,0.45,0.45
11.45,6,0.45,0.45
11.4,6,0.45,0.45
11.35,6,0.45,0.45
11.3,6,0.45,0.45
11.25,6,0.45,0.45
11.2,6,0.45,0.45
11.15,6,0.45,0.45
11.1,6,0.45,0.45
11.05,6,0.45,0.45
11,6,0.45,0.45
10.95,6,0.45,0.45
10.9,6,0.45,0.45
10.85,6,0.45,0.45
10.8,6,0.45,0.45
10.75,6,0.45,0.45
10.7,6,0.45,0.45
10.65,6,0.45,0.45
10.6,6,0.45,0.45
10.55,6,0.45,0.45
10.5,6,0.45,0.45
10.45,6,0.45,0.45
10.4,6,0.45,0.45
10.35,6,0.45,0.45
10.3,6,0.45,0.45
10.25,6,0.45,0.45
10.2,6,0.45,0.45
10.15,6,0.45,0.45
10.1,6,0.45,0.45
10.05,6,0.45,0.45
10,6,0.45,0.45
9.95,6,0.45,0.45
9.9,6,0.45,0.45
9.85,6,0.45,0.45
9.8,6,0.45,0.45
9.75,6,0.45,0.45
9.7,6,0.45,0.45
9.65,6,0.45,0.45
9.6,6,0.45,0.45
9.55,6,0.45,0.45
9.5,6,0.45,0.45
9.45,6,0.45,0.45
9.4,6,0.45,0.45
9.35,6,0.45,0.45
9.3,6,0.45,0.45
9.25,6,0.45,0.45
9.2,6,0.45,0.45
9.15,6,0.45,0.45
9.1,6,0.45,0.45
9.05,6,0.45,0.45
9,6,0.45,0.45
8.95,6,0.45,0.45
8.9,6,0.45,0.45
8.85,6,0.45,0.45
8.8,6,0.45,0.45
8.75,6,0.45,0.45
8.7,6,0.45,0.45
8.65,6,0.45,0.45
8.6,6,0.45,0.45
8.55,6,0.45,0.45
8.5,6,0.45,0.45
8.45,6,0.45,0.45
8.4,6,0.45,0.45
8.35,6,0.45,0.45
8.3,6,0.45,0.45
8.25,6,0.45,0.45
8.2,6,0.45,0.45
8.15,6,0.45,0.45
8.1,6,0.45,0.45
8.05,6,0.45,0.45
8,6,0.45,0.45
7.95,6,0.45,0.45
7.9,6,0.45,0.45
7.85,6,0.45,0.45
7.8,6,0.45,0.45
7.75,6,0.45,0.45
7.7,6,0.45,0.45
7.65,6,0.45,0.45
7.6,6,0.45,0.45
7.55,6,0.45,0.45
7.5,6,0.45,0.45
7.45,6,0.45,0.45
7.4,6,0.45,0.45
7.35,6,0.45,0.45
7.3,6,0.45,0.45
7.25,6,0.45,0.45
7.2,6,0.45,0.45
7.15,6,0.45,0.45
7.1,6,0.45,0.45
7.05,6,0.45,0.45
7,6,0.45,0.45
6.95,6,0.45,0.45
6.9,6,0.45,0.45
6.85,6,0.45,0.45
6.8,6,0.45,0.45
6.75,6,0.45,0.45
6.7,6,0.45,0.45
6.65,6,0.45,0.45
6.6,6,0.45,0.45
6.55,6,0.45,0.45
6.5,6,0.45,0.45
6.45,6,0.45,0.45
6.4,6,0.45,0.45
6.35,6,0.45,0.45
6.3,6,0.45,0.45
6.25,6,0.45,0.45
6.2,6,0.45,0.45
6.15,6,0.45,0.45
6.1,6,0.45,0.45
6.05,6,0.45,0.45
6,6,0.45,0.45
5.95,6,0.45,0.45
5.9,6,0.45,0.45
5.85,6,0.45,0.45
5.8,6,0.45,0.45
5.75,6,0.45,0.45
5.7,6,0.45,0.45
5.65,6,0.45,0.45
5.6,6,0.45,0.45
5.55,6,0.45,0.45
5.5,6,0.45,0.45
5.45,6,0.45,0.45
5.4,6,0.45,0.45
5.35,6,0.45,0.45
5.3,6,0.45,0.45
5.25,6,0.45,0.45
5.2,6,0.45,0.45
5.15,6,0.45,0.45
5.1,6,0.45,0.45
5.05,6,0.45,0.45
5,6,0.45,0.45
4.95,6,0.45,0.45
4.9,6,0.45,0.45
4.85,6,0.45,0.45
4.8,6,0.45,0.45
4.75,6,0.45,0.45
4.7,6,0.45,0.45
4.65,6,0.45,0.45
4.6,6,0.45,0.45
4.55,6,0.45,0.45
4.5,6,0.45,0.45
4.45,6,0.45,0.45
4.4,6,0.45,0.45
4.35,6,0.45,0.45
4.3,6,0.45,0.45
4.25,6,0.45,0.45
4.2,6,0.45,0.45
4.15,6,0.45,0.45
4.1,6,0.45,0.45
4.05,6,0.45,0.45
4,6,0.45,0.45
3.95,6,0.45,0.45
3.9,6,0.45,0.45
3.85,6,0.45,0.45
3.8,6,0.45,0.45
3.75,6,0.45,0.45
3.7,6,0.45,0.45
3.65,6,0.45,0.45
3.6,6,0.45,0.45
3.55,6,0.45,0.45
3.5,6,0.45,0.45
3.45,6,0.45,0.45
3.4,6,0.45,0.45
3.35,6,0.45,0.45
3.3,6,0.45,0.45
3.25,6,0.45,0.45
3.2,6,0.45,0.45
3.15,6,0.45,0.45
3.1,6,0.45,0.45
3.05,6,0.45,0.45
3,6,0.45,0.45
2.95,6,0.45,0.45
2.9,6,0.45,0.45
2.85,6,0.45,0.45
2.8,6,0.45,0.45
2.75,6,0.45,0.45
2.7,6,0.45,0.45
2.65,6,0.45,0.45
2.6,6,0.45,0.45
2.55,6,0.45,0.45
2.5,6,0.45,0.45
2.45,6,0.45,0.45
2.4,6,0.45,0.45
2.35,6,0.45,0.45
2.3,6,0.45,0.45
2.25,6,0.45,0.45
2.2,6,0.45,0.45
2.15,6,0.45,0.45
2.1,6,0.45,0.45
2.05,6,0.45,0.45
2,6,0.45,0.45
1.95,6,0.45,0.45
1.9,6,0.45,0.45
1.85,6,0.45,0.45
1.8,6,0.45,0.45
1.75,6,0.45,0.45
1.7,6,0.45,0.45
1.65,6,0.45,0.45
1.6,6,0.45,0.45
1.55,6,0.45,0.45
1.5,6,0.45,0.45
1.45,6,0.45,0.45
1.4,6,0.45,0.45
1.35,6,0.45,0.45
1.3,6,0.45,0.45
1.25,6,0.45,0.45
1.2,6,0.45,0.45
1.15,6,0.45,0.45
1.1,6,0.45,0.45
1.05,6,0.45,0.45
1,6,0.45,0.45
0.95,6,0.45,0.45
0.9,6,0.45,0.45
0.85,6,0.45,0.45
0.8,6,0.45,0.45
0.75,6,0.45,0.45
0.7,6,0.45,0.45
0.65,6,0.45,0.45
0.6,6,0.45,0.45
0.55,6,0.45,0.45
0.5,6,0.45,0.45
0.45,6,0.45,0.45
0.4,6,0.45,0.45
0.35,6,0.45,0.45
0.3,6,0.45,0.45
0.25,6,0.45,0.45
0.2,6,0.45,0.45
0.15,6,0.45,0.45
0.1,6,0.45,0.45
0.05,6,0.45,0.45
0,6,0.45,0.45
-0.05,6,0.45,0.45
-0.1,6,0.45,0.45
-0.15,6,0.45,0.45
-0.2,6,0.45,0.45
-0.25,6,0.45,0.45
-0.3,6,0.45,0.45
-0.35,6,0.45,0.45
-0.4,6,0.45,0.45
-0.45,6,0.45,0.45
-0.5,6,0.45,0.45
-0.55,6,0.45,0.45
-0.6,6,0.45,0.45
-0.65,6,0.45,0.45
-0.7,6,0.45,0.45
-0.75,6,0.45,0.45
-0.8,6,0.45,0.45
-0.85,6,0.45,0.45
-0.9,6,0.45,0.45
-0.95,6,0.45,0.45
-1,6,0.45,0.45
-1.05,6,0.45,0.45
-1.1,6,0.45,0.45
-1.15,6,0.45,0.45
-1.2,6,0.45,0.45
-1.25,6,0.45,0.45
-1.3,6,0.45,0.45
-1.35,6,0.45,0.45
-1.4,6,0.45,0.45
-1.45,6,0.45,0.45
-1.5,6,0.45,0.45
-1.55,6,0.45,0.45
-1.6,6,0.45,0.45
-1.65,6,0.45,0.45
-1.7,6,0.45,0.45
-1.75,6,0.45,0.45
-1.8,6,0.45,0.45
-1.85,6,0.45,0.45
-1.9,6,0.45,0.45
-1.95,6,0.45,0.45
-2,6,0.45,0.45
-2.05,6,0.45,0.45
-2.1,6,0.45,0.45
-2.15,6,0.45,0.45
-2.2,6,0.45,0.45
-2.25,6,0.45,0.45
-2.3,6,0.45,0.45
-2.35,6,0.45,0.45
-2.4,6.05,0.45,0.45
-2.45,6.05,0.45,0.45
-2.5,6,0.45,0.45
-2.55,6,0.45,0.45
-2.6,6,0.4472,0.4472
-2.65,6,0.4272,0.4272
-2.7,6,0.4123,0.4123
-2.75,6,0.4031,0.4031
-2.8,6,0.4,0.4
-2.85,6,0.4031,0.4031
-2.9,5.95,0.364,0.364
-2.95,5.95,0.3808,0.3808
-3,5.95,0.4031,0.4031
-3.05,5.95,0.4031,0.4031
-3.1,5.9,0.4243,0.4243
-3.15,5.85,0.4031,0.4031
-3.2,5.85,0.4272,0.4272
-3.25,5.8,0.4243,0.4243
-3.3,5.75,0.4301,0.4301
-3.35,5.7,0.4472,0.4472
-3.4,5.65,0.461,0.461
-3.45,5.6,0.461,0.461
-3.5,5.55,0.461,0.461
-3.55,5.5,0.4717,0.4717
-3.55,5.45,0.4472,0.4472
-3.6,5.4,0.4743,0.4743
-3.6,5.35,0.461,0.461
-3.6,5.3,0.4528,0.4528
-3.6,5.25,0.45,0.45
-3.6,5.2,0.45,0.45
-3.65,5.15,0.45,0.45
-3.65,5.1,0.45,0.45
-3.65,5.05,0.45,0.45
-3.65,5,0.45,0.45
-3.65,4.95,0.45,0.45
-3.65,4.9,0.45,0.45
-3.65,4.85,0.45,0.45
-3.65,4.8,0.45,0.45
-3.65,4.75,0.45,0.45
-3.65,4.7,0.45,0.45
-3.65,4.65,0.45,0.45
-3.65,4.6,0.45,0.45
-3.65,4.55,0.45,0.45
-3.65,4.5,0.45,0.45
-3.65,4.45,0.45,0.45
-3.65,4.4,0.45,0.45
-3.65,4.35,0.45,0.45
-3.65,4.3,0.45,0.45
-3.65,4.25,0.45,0.45
-3.65,4.2,0.45,0.45
-3.65,4.15,0.45,0.45
-3.65,4.1,0.45,0.45
-3.65,4.05,0.45,0.45
-3.65,4,0.45,0.45
-3.65,3.95,0.45,0.45
-3.65,3.9,0.45,0.45
-3.65,3.85,0.45,0.45
-3.65,3.8,0.45,0.45
-3.65,3.75,0.45,0.45
-3.65,3.7,0.45,0.45
-3.65,3.65,0.45,0.45
-3.65,3.6,0.45,0.45
-3.65,3.55,0.45,0.45
-3.65,3.5,0.45,0.45
-3.65,3.45,0.45,0.45
-3.65,3.4,0.45,0.45
-3.65,3.35,0.45,0.45
-3.65,3.3,0.45,0.45
-3.65,3.25,0.45,0.45
-3.65,3.2,0.45,0.45
-3.65,3.15,0.45,0.45
-3.65,3.1,0.45,0.45
-3.65,3.05,0.45,0.45
-3.65,3,0.45,0.45
-3.65,2.95,0.45,0.45
-3.65,2.9,0.45,0.45
-3.65,2.85,0.45,0.45
-3.65,2.8,0.45,0.45
-3.65,2.75,0.45,0.45
-3.65,2.7,0.45,0.45
-3.65,2.65,0.45,0.45
-3.65,2.6,0.45,0.45
-3.65,2.55,0.45,0.45
