# 17b4de0d-c737-4d0b-b937-32bd2ef0c95b;;;;;;
# 603fd3987364b09f9aacb70d1ed12c268e24dd56;;;;;;
# s_m; x_m; y_m; psi_rad; kappa_radpm; vx_mps; ax_mps2
0;40.66;3.6;3.4034118;0.0000525;8;0
0.1999592;40.64;3.6;3.4034229;0.0000585;8;0
0.3999183;40.6;3.57;3.4034352;0.0000644;8;0
0.5998775;40.59;3.56;3.4034487;0.0000702;8;0
0.7998367;40.57;3.55;3.4034633;0.0000759;8;0
0.9997958;40.54;3.53;3.403479;0.0000816;8;0
1.199755;40.5;3.51;3.4034959;0.000087;8;0
1.3997142;40.48;3.49;3.4035138;0.0000925;8;0
1.5996733;40.43;3.47;3.4035329;0.0000978;8;0
1.7996325;40.39;3.44;3.4035529;0.0001029;8;0
1.9995916;40.35;3.42;3.403574;0.0001081;8;0
2.1995508;40.33;3.4;3.4035961;0.000113;8;0
2.39951;40.31;3.39;3.4036192;0.0001179;8;0
2.5994691;40.29;3.38;3.4036432;0.0001226;8;0
2.7994283;40.26;3.36;3.4036682;0.0001271;8;0
2.9993875;40.24;3.35;3.4036941;0.0001316;8;0
3.1993466;40.21;3.33;3.4037208;0.0001358;8;0
3.3993058;40.16;3.3;3.4037484;0.00014;8;0
3.599265;40.14;3.28;3.4037768;0.000144;8;0
3.7992241;40.12;3.27;3.4038059;0.0001478;8;0
3.9991833;40.09;3.25;3.4038359;0.0001515;8;0
4.1991425;40.06;3.24;3.4038665;0.0001549;8;0
4.3991016;40.03;3.22;3.4038978;0.0001583;8;0
4.5990608;39.98;3.19;3.4039298;0.0001615;8;0
4.79902;39.94;3.16;3.4039624;0.0001645;8;0
4.9989791;39.92;3.15;3.4039956;0.0001674;8;0
5.1989383;39.88;3.13;3.4040293;0.00017;8;0
5.3988975;39.86;3.12;3.4040636;0.0001725;8;0
5.5988566;39.83;3.1;3.4040983;0.0001748;8;0
5.7988158;39.81;3.08;3.4041335;0.0001769;8;0
5.9987749;39.76;3.06;3.4041691;0.000179;8;0
6.1987341;39.73;3.04;3.404205;0.0001807;8;0
6.3986933;39.72;3.03;3.4042413;0.0001823;8;0
6.5986524;39.68;3.01;3.404278;0.0001837;8;0
6.7986116;39.66;2.99;3.4043148;0.000185;8;0
6.9985708;39.63;2.98;3.4043519;0.0001861;8;0
7.1985299;39.6;2.96;3.4043892;0.0001869;8;0
7.3984891;39.57;2.93;3.4044267;0.0001876;8;0
7.5984483;39.54;2.92;3.4044642;0.0001882;8;0
7.7984074;39.51;2.9;3.4045019;0.0001885;8;0
7.9983666;39.48;2.88;3.4045396;0.0001887;8;0
8.1983258;39.45;2.86;3.4045773;0.0001886;8;0
8.3982849;39.43;2.85;3.404615;0.0001885;8;0
8.5982441;39.41;2.84;3.4046527;0.0001881;8;0
8.7982033;39.37;2.82;3.4046903;0.0001875;8;0
8.9981624;39.34;2.8;3.4047277;0.0001869;8;0
9.1981216;39.32;2.78;3.404765;0.0001859;8;0
9.3980808;39.29;2.77;3.4048021;0.0001849;8;0
9.5980399;39.25;2.74;3.4048389;0.0001837;8;0
9.7979991;39.22;2.72;3.4048755;0.0001823;8;0
9.9979582;39.18;2.7;3.4049118;0.0001809;8;0
10.1979174;39.17;2.69;3.4049478;0.0001791;8;0
10.3978766;39.13;2.66;3.4049835;0.0001773;8;0
10.5978357;39.11;2.65;3.4050187;0.0001753;8;0
10.7977949;39.06;2.62;3.4050535;0.0001731;8;0
10.9977541;39.03;2.6;3.4050879;0.0001709;8;0
11.1977132;39.01;2.59;3.4051218;0.0001683;8;0
11.3976724;38.99;2.58;3.4051552;0.0001658;8;0
11.5976316;38.96;2.56;3.4051881;0.000163;8;0
11.7975907;38.93;2.54;3.4052204;0.0001601;8;0
11.9975499;38.9;2.52;3.4052522;0.0001572;8;0
12.1975091;38.88;2.51;3.4052833;0.0001539;8;0
12.3974682;38.86;2.49;3.4053137;0.0001507;8;0
12.5974274;38.83;2.47;3.4053435;0.0001473;8;0
12.7973866;38.78;2.44;3.4053726;0.0001437;8;0
12.9973457;38.74;2.41;3.405401;0.0001401;8;0
13.1973049;38.71;2.39;3.4054286;0.0001362;8;0
13.3972641;38.69;2.38;3.4054554;0.0001324;8;0
13.5972232;38.65;2.36;3.4054815;0.0001284;8;0
13.7971824;38.6;2.33;3.4055068;0.0001242;8;0
13.9971415;38.56;2.29;3.4055312;0.00012;8;0
14.1971007;38.54;2.28;3.4055548;0.0001156;8;0
14.3970599;38.52;2.26;3.4055774;0.0001112;8;0
14.597019;38.5;2.25;3.4055992;0.0001067;8;0
14.7969782;38.46;2.23;3.4056201;0.000102;8;0
14.9969374;38.45;2.22;3.40564;0.0000973;8;0
15.1968965;38.43;2.2;3.405659;0.0000924;8;0
15.3968557;38.38;2.17;3.405677;0.0000875;8;0
15.5968149;38.36;2.15;3.405694;0.0000825;8;0
15.796774;38.34;2.14;3.40571;0.0000774;8;0
15.9967332;38.31;2.12;3.4057249;0.0000722;8;0
16.1966924;38.28;2.09;3.4057388;0.0000669;8;0
16.3966515;38.26;2.08;3.4057517;0.0000616;8;0
16.5966107;38.24;2.07;3.4057635;0.0000562;8;0
16.7965699;38.22;2.05;3.4057741;0.0000506;8;0
16.996529;38.2;2.04;3.4057837;0.0000451;8;0
17.1964882;38.17;2.02;3.4057922;0.0000394;8;0
17.3964474;38.14;2;3.4057995;0.0000337;8;0
17.5964065;38.1;1.97;3.4058056;0.0000279;8;0
17.7963657;38.08;1.95;3.4058106;0.0000221;8;0
17.9963248;38.06;1.94;3.4058145;0.0000162;8;0
18.196284;38.05;1.93;3.4058171;0.0000102;8;0
18.3962432;38.01;1.9;3.4058185;0.0000041;8;0
18.5962023;37.98;1.88;3.4058187;-0.000002;8;0
18.7961615;37.96;1.87;3.4058177;-0.0000081;8;0
18.9961207;37.92;1.85;3.4058155;-0.0000143;8;0
19.1960798;37.9;1.83;3.405812;-0.0000206;8;0
19.396039;37.86;1.8;3.4058073;-0.0000269;8;0
19.5959982;37.84;1.78;3.4058013;-0.0000333;8;0
19.7959573;37.81;1.77;3.405794;-0.0000397;8;0
19.9959165;37.8;1.76;3.4057854;-0.0000462;8;0
20.1958757;37.77;1.74;3.4057755;-0.0000526;8;0
20.3958348;37.74;1.72;3.4057643;-0.000059;8;0
20.595794;37.73;1.7;3.4057519;-0.0000657;8;0
20.7957532;37.71;1.69;3.4057381;-0.0000725;8;0
20.9957123;37.69;1.68;3.4057229;-0.0000793;8;0
21.1956715;37.65;1.65;3.4057063;-0.000086;8;0
21.3956307;37.6;1.62;3.4056885;-0.0000927;8;0
21.5955898;37.57;1.6;3.4056693;-0.000099;8;0
21.795549;37.51;1.56;3.4056489;-0.0001051;8;0
21.9955081;37.48;1.55;3.4056273;-0.0001108;8;0
22.1954673;37.46;1.54;3.4056048;-0.0001138;8;0
22.3954265;37.42;1.52;3.4055818;-0.0001167;8;0
22.5953856;37.4;1.51;3.4055582;-0.000118;8;0
22.7953448;37.37;1.5;3.4055346;-0.0001181;8;0
22.995304;37.35;1.49;3.405511;-0.000118;8;0
23.1952631;37.33;1.47;3.4054876;-0.0001155;8;0
23.3952223;37.28;1.45;3.4054648;-0.0001131;8;0
23.5951815;37.25;1.44;3.4054425;-0.0001091;8;0
23.7951406;37.22;1.42;3.4054212;-0.0001041;8;0
23.9950998;37.2;1.41;3.4054009;-0.0000989;8;0
24.195059;37.16;1.39;3.4053818;-0.0000915;8;0
24.3950181;37.13;1.38;3.4053643;-0.0000842;8;0
24.5949773;37.11;1.37;3.4053483;-0.0000754;8;0
24.7949365;37.07;1.36;3.4053342;-0.0000656;8;0
24.9948956;37.06;1.35;3.405322;-0.0000552;8;0
25.1948548;37.03;1.35;3.4053126;-0.0000389;8;0
25.394814;37;1.33;3.4053065;-0.0000226;8;0
25.5947731;36.97;1.33;3.4053042;0.0000032;8;0
25.7947323;36.88;1.31;3.405308;0.0000352;8;0
25.9946914;36.85;1.3;3.4053179;0.0000305;8;0
26.1946506;36.8;1.3;3.4052921;-0.0002878;8;0
26.3946098;36.77;1.3;3.4052028;-0.0006062;8;0
26.5945689;36.75;1.29;3.4049954;-0.00182;8;0
26.7945281;36.72;1.29;3.4044521;-0.0036145;8;0
26.9944873;36.7;1.29;3.4035492;-0.0054763;8;0
27.1944464;36.68;1.29;3.4022122;-0.007897;8;0
27.3944056;36.65;1.28;3.4003912;-0.0103164;8;0
27.5943648;36.62;1.28;3.3980418;-0.0134694;8;0
27.7943239;36.58;1.28;3.3949863;-0.0170916;8;0
27.9942831;36.55;1.27;3.3912062;-0.020731;8;0
28.1942423;36.51;1.27;3.3866831;-0.0245107;8;0
28.3942014;36.47;1.27;3.3814039;-0.0282908;8;0
28.5941606;36.43;1.26;3.3753719;-0.032024;8;0
28.7941198;36.4;1.26;3.3685979;-0.0357296;8;0
28.9940789;36.33;1.25;3.3610827;-0.0394341;8;0
29.1940381;36.29;1.25;3.3528291;-0.04312;8;0
29.3939973;36.27;1.25;3.3438379;-0.0468107;8;0
29.5939564;36.23;1.24;3.3341088;-0.0504978;8;0
29.7939156;36.19;1.24;3.3236423;-0.0541892;8;0
29.9938747;36.13;1.24;3.3124371;-0.0578859;8;0
30.1938339;36.09;1.24;3.3004927;-0.0615821;8;0
30.3937931;36.05;1.24;3.2878083;-0.0652915;8;0
30.5937522;36.01;1.24;3.2743813;-0.0690022;8;0
30.7937114;35.97;1.24;3.2602114;-0.0727271;8;0
30.9936706;35.93;1.24;3.2452957;-0.0764659;8;0
31.1936297;35.9;1.24;3.2296308;-0.0802105;8;0
31.3935889;35.87;1.24;3.2132159;-0.0839823;8;0
31.5935481;35.84;1.24;3.1960443;-0.0877633;8;0
31.7935072;35.8;1.24;3.1781145;-0.0915739;8;0
31.9934664;35.75;1.24;3.1594211;-0.0954114;8;0
32.1934256;35.71;1.24;3.139957;-0.0992597;8;0
32.3933847;35.68;1.24;3.1197214;-0.1031558;8;0
32.5933439;35.63;1.24;3.0987023;-0.10707;8;0
32.7933031;35.58;1.24;3.0768968;-0.1110342;8;0
32.9932622;35.55;1.24;3.0542958;-0.1150466;8;0
33.1932214;35.52;1.24;3.0308852;-0.1190934;8;0
33.3931805;35.47;1.24;3.0066621;-0.1232163;8;0
33.5931397;35.44;1.24;2.9816039;-0.1274302;8;0
33.7930989;35.39;1.24;2.9556913;-0.1317578;8;0
33.993058;35.36;1.24;2.9289081;-0.1361847;8;0
34.1930172;35.34;1.24;2.9012102;-0.1408404;8;0
34.3929764;35.3;1.24;2.8725743;-0.1456162;8;0
34.5929355;35.25;1.24;2.8430647;-0.1490357;8;0
34.7928947;35.22;1.24;2.8129917;-0.1517739;8;0
34.9928539;35.17;1.24;2.7823784;-0.1535787;8;0
35.192813;35.13;1.24;2.7520722;-0.1495696;8;0
35.3927722;35.1;1.24;2.7225572;-0.1456535;8;0
35.5927314;35.05;1.24;2.6938599;-0.1411925;8;0
35.7926905;35.01;1.24;2.6661015;-0.1364693;8;0
35.9926497;34.97;1.24;2.6392743;-0.1318691;8;0
36.1926089;34.93;1.24;2.6133524;-0.1274524;8;0
36.392568;34.9;1.24;2.5882998;-0.1231136;8;0
36.5925272;34.82;1.23;2.5641106;-0.118853;8;0
36.7924864;34.76;1.23;2.5407668;-0.1146479;8;0
36.9924455;34.74;1.23;2.5182532;-0.1105171;8;0
37.1924047;34.71;1.23;2.496566;-0.1064387;8;0
37.3923638;34.67;1.23;2.4756836;-0.1024154;8;0
37.592323;34.63;1.23;2.4556047;-0.0984223;8;0
37.7922822;34.59;1.23;2.4363218;-0.0944562;8;0
37.9922413;34.56;1.23;2.4178247;-0.0905349;8;0
38.1922005;34.52;1.23;2.4001146;-0.0866255;8;0
38.3921597;34.47;1.23;2.3831797;-0.0827512;8;0
38.5921188;34.44;1.22;2.3670184;-0.0788969;8;0
38.792078;34.4;1.22;2.3516265;-0.0750587;8;0
38.9920372;34.36;1.22;2.3369982;-0.0712453;8;0
39.1919963;34.3;1.22;2.3231342;-0.0674304;8;0
39.3919555;34.26;1.22;2.3100303;-0.0636346;8;0
39.5919147;34.22;1.22;2.2976847;-0.0598421;8;0
39.7918738;34.17;1.22;2.2860977;-0.0560533;8;0
39.991833;34.14;1.22;2.2752671;-0.0522674;8;0
40.1917922;34.1;1.22;2.2651982;-0.0484402;8;0
40.3917513;34.05;1.21;2.2558944;-0.0446199;8;0
40.5917105;33.98;1.21;2.2473589;-0.040722;8;0
40.7916697;33.93;1.21;2.2396095;-0.0367881;8;0
40.9916288;33.89;1.21;2.2326447;-0.0329658;8;0
41.191588;33.85;1.21;2.2263854;-0.0296353;8;0
41.3915471;33.82;1.21;2.220793;-0.0263021;8;0
41.5915063;33.77;1.21;2.2158671;-0.0229675;8;0
41.7914655;33.73;1.21;2.2116083;-0.0196288;8;0
41.9914246;33.69;1.2;2.2080096;-0.0167279;8;0
42.1913838;33.66;1.2;2.2047526;-0.0158485;8;0
42.391343;33.62;1.2;2.2016715;-0.014969;8;0
42.5913021;33.6;1.2;2.1987319;-0.0145939;8;0
42.7912613;33.54;1.2;2.1958275;-0.0144566;8;0
42.9912205;33.5;1.2;2.1929505;-0.0143194;8;0
43.1911796;33.47;1.2;2.1901009;-0.0141818;8;0
43.3911388;33.44;1.2;2.1872789;-0.0140442;8;0
43.591098;33.38;1.2;2.1844844;-0.013907;8;0
43.7910571;33.33;1.2;2.1817172;-0.0137701;8;0
43.9910163;33.3;1.21;2.1789775;-0.0136333;8;0
44.1909755;33.26;1.21;2.176265;-0.0134969;8;0
44.3909346;33.22;1.21;2.1735798;-0.0133605;8;0
44.5908938;33.18;1.21;2.1709219;-0.0132245;8;0
44.790853;33.14;1.21;2.1682911;-0.0130886;8;0
44.9908121;33.12;1.22;2.1656875;-0.0129529;8;0
45.1907713;33.07;1.22;2.163111;-0.0128175;8;0
45.3907304;33.04;1.22;2.1605616;-0.0126821;8;0
45.5906896;33.01;1.22;2.1580392;-0.0125471;8;0
45.7906488;32.98;1.22;2.1555438;-0.0124122;8;0
45.9906079;32.93;1.22;2.1530753;-0.0122774;8;0
46.1905671;32.89;1.23;2.1506338;-0.012143;8;0
46.3905263;32.87;1.23;2.1482191;-0.0120086;8;0
46.5904854;32.83;1.23;2.1458313;-0.0118744;8;0
46.7904446;32.79;1.23;2.1434703;-0.0117405;8;0
46.9904038;32.76;1.23;2.1411361;-0.0116066;8;0
47.1903629;32.71;1.24;2.1388286;-0.011473;8;0
47.3903221;32.68;1.24;2.1365478;-0.0113395;8;0
47.5902813;32.63;1.24;2.1342937;-0.0112062;8;0
47.7902404;32.59;1.24;2.1320662;-0.0110731;8;0
47.9901996;32.56;1.24;2.1298653;-0.01094;8;0
48.1901588;32.53;1.25;2.1276911;-0.0108073;8;0
48.3901179;32.49;1.25;2.1255433;-0.0106745;8;0
48.5900771;32.46;1.25;2.1234221;-0.010542;8;0
48.7900363;32.42;1.25;2.1213274;-0.0104097;8;0
48.9899954;32.38;1.25;2.1192591;-0.0102774;8;0
49.1899546;32.33;1.25;2.1172172;-0.0101453;8;0
49.3899137;32.32;1.26;2.1152018;-0.0100133;8;0
49.5898729;32.3;1.26;2.1132127;-0.0098816;8;0
49.7898321;32.26;1.26;2.1112499;-0.0097499;8;0
49.9897912;32.21;1.26;2.1093135;-0.0096183;8;0
50.1897504;32.18;1.26;2.1074034;-0.0094869;8;0
50.3897096;32.14;1.26;2.1055195;-0.0093556;8;0
50.5896687;32.07;1.27;2.1036619;-0.0092245;8;0
50.7896279;32.03;1.27;2.1018305;-0.0090935;8;0
50.9895871;32;1.27;2.1000253;-0.0089625;8;0
51.1895462;31.95;1.27;2.0982462;-0.0088317;8;0
51.3895054;31.91;1.28;2.0964933;-0.0087009;8;0
51.5894646;31.86;1.28;2.0947665;-0.0085704;8;0
51.7894237;31.81;1.28;2.0930658;-0.0084401;8;0
51.9893829;31.77;1.28;2.0913912;-0.0083097;8;0
52.1893421;31.72;1.29;2.0897426;-0.0081796;8;0
52.3893012;31.68;1.29;2.08812;-0.0080494;8;0
52.5892604;31.63;1.29;2.0865235;-0.0079194;8;0
52.7892196;31.61;1.29;2.0849529;-0.0077894;8;0
52.9891787;31.58;1.29;2.0834083;-0.0076596;8;0
53.1891379;31.53;1.3;2.0818897;-0.0075299;8;0
53.389097;31.49;1.3;2.080397;-0.0074002;8;0
53.5890562;31.44;1.3;2.0789302;-0.0072707;8;0
53.7890154;31.4;1.3;2.0774893;-0.0071412;8;0
53.9889745;31.37;1.3;2.0760743;-0.0070118;8;0
54.1889337;31.33;1.31;2.0746851;-0.0068825;8;0
54.3888929;31.29;1.31;2.0733218;-0.0067533;8;0
54.588852;31.25;1.31;2.0719844;-0.0066242;8;0
54.7888112;31.22;1.31;2.0706727;-0.0064952;8;0
54.9887704;31.18;1.31;2.0693868;-0.0063663;8;0
55.1887295;31.16;1.32;2.0681267;-0.0062374;8;0
55.3886887;31.12;1.32;2.0668923;-0.0061086;8;0
55.5886479;31.05;1.32;2.0656837;-0.0059799;8;0
55.788607;31;1.32;2.0645008;-0.0058513;8;0
55.9885662;30.95;1.32;2.0633437;-0.0057228;8;0
56.1885254;30.94;1.33;2.0622122;-0.0055943;8;0
56.3884845;30.9;1.33;2.0611064;-0.0054659;8;0
56.5884437;30.86;1.33;2.0600263;-0.0053376;8;0
56.7884029;30.82;1.33;2.0589718;-0.0052094;8;0
56.988362;30.77;1.33;2.0579429;-0.0050812;8;0
57.1883212;30.73;1.33;2.0569397;-0.0049531;8;0
57.3882803;30.69;1.34;2.0559621;-0.004825;8;0
57.5882395;30.65;1.34;2.0550101;-0.0046971;8;0
57.7881987;30.6;1.34;2.0540837;-0.0045692;8;0
57.9881578;30.56;1.34;2.0531828;-0.0044413;8;0
58.188117;30.51;1.34;2.0523075;-0.0043135;8;0
58.3880762;30.48;1.34;2.0514578;-0.0041858;8;0
58.5880353;30.44;1.34;2.0506335;-0.0040582;8;0
58.7879945;30.39;1.35;2.0498348;-0.0039306;8;0
58.9879537;30.33;1.35;2.0490616;-0.0038031;8;0
59.1879128;30.29;1.35;2.0483139;-0.0036756;8;0
59.387872;30.25;1.35;2.0475916;-0.0035482;8;0
59.5878312;30.21;1.35;2.0468949;-0.0034209;8;0
59.7877903;30.18;1.36;2.0462236;-0.0032937;8;0
59.9877495;30.16;1.36;2.0455777;-0.0031664;8;0
60.1877087;30.11;1.36;2.0449572;-0.0030393;8;0
60.3876678;30.08;1.36;2.0443622;-0.0029122;8;0
60.587627;30.04;1.36;2.0437926;-0.0027852;8;0
60.7875862;30;1.36;2.0432483;-0.0026583;8;0
60.9875453;29.96;1.36;2.0427295;-0.0025314;8;0
61.1875045;29.94;1.36;2.042236;-0.0024046;8;0
61.3874636;29.9;1.36;2.0417678;-0.0022778;8;0
61.5874228;29.86;1.36;2.041325;-0.0021511;8;0
61.787382;29.81;1.36;2.0409076;-0.0020245;8;0
61.9873411;29.77;1.36;2.0405154;-0.0018979;8;0
62.1873003;29.74;1.36;2.0401486;-0.0017714;8;0
62.3872595;29.71;1.36;2.039807;-0.0016449;8;0
62.5872186;29.68;1.36;2.0394907;-0.0015186;8;0
62.7871778;29.62;1.36;2.0391997;-0.0013923;8;0
62.987137;29.59;1.36;2.0389339;-0.001266;8;0
63.1870961;29.56;1.36;2.0386934;-0.0011399;8;0
63.3870553;29.52;1.36;2.0384781;-0.0010137;8;0
63.5870145;29.47;1.36;2.038288;-0.0008877;8;0
63.7869736;29.43;1.36;2.038123;-0.0007617;8;0
63.9869328;29.41;1.36;2.0379833;-0.0006358;8;0
64.186892;29.37;1.36;2.0378688;-0.00051;8;0
64.3868511;29.32;1.36;2.0377794;-0.0003842;8;0
64.5868103;29.3;1.35;2.0377151;-0.0002586;8;0
64.7867695;29.26;1.35;2.0376759;-0.0001332;8;0
64.9867286;29.23;1.35;2.0376618;-0.0000081;8;0
65.1866878;29.2;1.35;2.0376726;0.0001158;8;0
65.3866469;29.14;1.34;2.0377081;0.0002397;8;0
65.5866061;29.09;1.34;2.0377682;0.0003598;8;0
65.7865653;29.06;1.34;2.037852;0.0004785;8;0
65.9865244;29.01;1.34;2.0379598;0.0006072;8;0
66.1864836;28.96;1.33;2.0380976;0.0007711;8;0
66.3864428;28.91;1.33;2.0382682;0.0009351;8;0
66.5864019;28.87;1.33;2.0384715;0.001098;8;0
66.7863611;28.82;1.33;2.0387073;0.0012605;8;0
66.9863203;28.8;1.32;2.0389755;0.0014204;8;0
67.1862794;28.76;1.32;2.0392746;0.0015709;8;0
67.3862386;28.71;1.32;2.0396038;0.0017215;8;0
67.5861978;28.68;1.32;2.0399631;0.0018719;8;0
67.7861569;28.62;1.31;2.0403524;0.0020223;8;0
67.9861161;28.58;1.31;2.0407718;0.0021725;8;0
68.1860753;28.53;1.31;2.0412212;0.0023227;8;0
68.3860344;28.49;1.31;2.0417007;0.0024728;8;0
68.5859936;28.45;1.3;2.0422101;0.0026228;8;0
68.7859527;28.42;1.3;2.0427496;0.0027727;8;0
68.9859119;28.37;1.3;2.043319;0.0029225;8;0
69.1858711;28.33;1.3;2.0439183;0.0030722;8;0
69.3858302;28.28;1.3;2.0445476;0.0032219;8;0
69.5857894;28.23;1.3;2.0452068;0.0033715;8;0
69.7857486;28.19;1.3;2.0458959;0.003521;8;0
69.9857077;28.16;1.3;2.0466149;0.0036704;8;0
70.1856669;28.11;1.3;2.0473638;0.0038197;8;0
70.3856261;28.07;1.3;2.0481425;0.003969;8;0
70.5855852;28.02;1.3;2.0489511;0.0041182;8;0
70.7855444;28;1.3;2.0497894;0.0042673;8;0
70.9855036;27.95;1.3;2.0506576;0.0044163;8;0
71.1854627;27.88;1.3;2.0515556;0.0045652;8;0
71.3854219;27.84;1.3;2.0524833;0.0047141;8;0
71.5853811;27.8;1.31;2.0534408;0.0048628;8;0
71.7853402;27.76;1.31;2.0544281;0.0050115;8;0
71.9852994;27.72;1.31;2.055445;0.0051601;8;0
72.1852586;27.68;1.31;2.0564917;0.0053086;8;0
72.3852177;27.63;1.31;2.057568;0.0054571;8;0
72.5851769;27.59;1.31;2.0586741;0.0056055;8;0
72.785136;27.53;1.31;2.0598098;0.0057538;8;0
72.9850952;27.5;1.31;2.0609751;0.0059021;8;0
73.1850544;27.47;1.31;2.0621701;0.0060502;8;0
73.3850135;27.43;1.31;2.0633947;0.0061983;8;0
73.5849727;27.39;1.31;2.0646489;0.0063463;8;0
73.7849319;27.35;1.31;2.0659327;0.0064942;8;0
73.984891;27.32;1.31;2.067246;0.0066421;8;0
74.1848502;27.27;1.32;2.068589;0.0067899;8;0
74.3848094;27.22;1.32;2.0699614;0.0069376;8;0
74.5847685;27.18;1.32;2.0713634;0.0070853;8;0
74.7847277;27.14;1.32;2.072795;0.0072328;8;0
74.9846869;27.09;1.32;2.074256;0.0073804;8;0
75.184646;27.05;1.32;2.0757465;0.0075278;8;0
75.3846052;27.02;1.32;2.0772665;0.0076752;8;0
75.5845644;26.98;1.32;2.078816;0.0078225;8;0
75.7845235;26.93;1.32;2.0803949;0.0079698;8;0
75.9844827;26.89;1.32;2.0820032;0.008117;8;0
76.1844419;26.84;1.32;2.083641;0.0082641;8;0
76.384401;26.81;1.32;2.0853082;0.0084113;8;0
76.5843602;26.77;1.32;2.0870048;0.0085582;8;0
76.7843193;26.74;1.32;2.0887308;0.0087052;8;0
76.9842785;26.72;1.33;2.0904862;0.0088522;8;0
77.1842377;26.65;1.33;2.0922709;0.008999;8;0
77.3841968;26.61;1.33;2.0940851;0.0091458;8;0
77.584156;26.54;1.33;2.0959285;0.0092926;8;0
77.7841152;26.51;1.33;2.0978013;0.0094393;8;0
77.9840743;26.46;1.33;2.0997035;0.009586;8;0
78.1840335;26.42;1.33;2.1016349;0.0097326;8;0
78.3839927;26.37;1.33;2.1035957;0.0098792;8;0
78.5839518;26.31;1.33;2.1055858;0.0100258;8;0
78.783911;26.26;1.33;2.1076052;0.0101723;8;0
78.9838702;26.22;1.33;2.1096539;0.0103188;8;0
79.1838293;26.18;1.33;2.1117319;0.0104652;8;0
79.3837885;26.17;1.34;2.1138391;0.0106117;8;0
79.5837477;26.13;1.34;2.1159757;0.0107581;8;0
79.7837068;26.09;1.34;2.1181415;0.0109045;8;0
79.983666;26;1.34;2.1203366;0.0110509;8;0
80.1836252;25.96;1.34;2.1225609;0.0111972;8;0
80.3835843;25.93;1.34;2.1248146;0.0113436;8;0
80.5835435;25.87;1.34;2.1270974;0.01149;8;0
80.7835026;25.84;1.34;2.1294096;0.0116363;8;0
80.9834618;25.8;1.34;2.131751;0.0117827;8;0
81.183421;25.76;1.34;2.1341217;0.0119291;8;0
81.3833801;25.73;1.34;2.1365217;0.0120755;8;0
81.5833393;25.69;1.34;2.138951;0.0122219;8;0
81.7832985;25.64;1.34;2.1414095;0.0123684;8;0
81.9832576;25.61;1.35;2.1438973;0.0125149;8;0
82.1832168;25.57;1.35;2.1464144;0.0126615;8;0
82.383176;25.54;1.35;2.1489609;0.0128081;8;0
82.5831351;25.52;1.35;2.1515366;0.0129547;8;0
82.7830943;25.49;1.35;2.1541417;0.0131015;8;0
82.9830535;25.43;1.35;2.1567761;0.0132483;8;0
83.1830126;25.39;1.35;2.1594399;0.0133951;8;0
83.3829718;25.35;1.35;2.1621331;0.0135421;8;0
83.582931;25.31;1.35;2.1648557;0.0136892;8;0
83.7828901;25.27;1.35;2.1676077;0.0138364;8;0
83.9828493;25.23;1.35;2.1703891;0.0139837;8;0
84.1828085;25.18;1.35;2.1732;0.0141311;8;0
84.3827676;25.15;1.35;2.1760404;0.0142786;8;0
84.5827268;25.11;1.35;2.1789103;0.0144264;8;0
84.7826859;25.07;1.35;2.1818098;0.0145744;8;0
84.9826451;25.01;1.36;2.1847389;0.0147229;8;0
85.1826043;24.97;1.36;2.1876978;0.0148723;8;0
85.3825634;24.92;1.36;2.1906866;0.0150218;8;0
85.5825226;24.89;1.36;2.1937054;0.0151728;8;0
85.7824818;24.84;1.36;2.1967545;0.0153242;8;0
85.9824409;24.8;1.36;2.1998339;0.0154762;8;0
86.1824001;24.77;1.36;2.2029438;0.0156294;8;0
86.3823593;24.72;1.36;2.2060843;0.0157826;8;0
86.5823184;24.69;1.36;2.2092557;0.0159373;8;0
86.7822776;24.66;1.36;2.212458;0.0160923;8;0
86.9822368;24.63;1.36;2.2156913;0.0162479;8;0
87.1821959;24.59;1.36;2.2189559;0.0164046;8;0
87.3821551;24.54;1.36;2.2222518;0.0165614;8;0
87.5821143;24.51;1.36;2.2255792;0.0167194;8;0
87.7820734;24.47;1.37;2.2289382;0.0168778;8;0
87.9820326;24.43;1.37;2.2323289;0.0170369;8;0
88.1819918;24.39;1.37;2.2357516;0.017197;8;0
88.3819509;24.33;1.37;2.2392064;0.0173574;8;0
88.5819101;24.28;1.37;2.2426932;0.017518;8;0
88.7818692;24.25;1.37;2.2462121;0.0176788;8;0
88.9818284;24.2;1.37;2.2497636;0.0178493;8;0
89.1817876;24.17;1.37;2.2533513;0.0180345;8;0
89.3817467;24.13;1.37;2.256976;0.0182202;8;0
89.5817059;24.08;1.37;2.2606358;0.0183834;8;0
89.7816651;24.04;1.37;2.2643278;0.0185442;8;0
89.9816242;24.01;1.37;2.2680445;0.0185194;8;0
90.1815834;23.95;1.37;2.2717178;0.0182212;8;0
90.3815426;23.91;1.38;2.2753315;0.017923;8;0
90.5815017;23.86;1.38;2.2788795;0.0175583;8;0
90.7814609;23.82;1.38;2.2823533;0.0171872;8;0
90.9814201;23.76;1.38;2.2857531;0.0168189;8;0
91.1813792;23.73;1.38;2.2890797;0.0164541;8;0
91.3813384;23.69;1.38;2.2923334;0.0160894;8;0
91.5812976;23.65;1.38;2.2955142;0.0157249;8;0
91.7812567;23.6;1.38;2.2986221;0.0153605;8;0
91.9812159;23.56;1.38;2.3016571;0.0149964;8;0
92.1811751;23.53;1.38;2.3046194;0.0146328;8;0
92.3811342;23.51;1.38;2.3075091;0.0142693;8;0
92.5810934;23.46;1.38;2.3103261;0.0139066;8;0
92.7810525;23.4;1.38;2.3130706;0.0135441;8;0
92.9810117;23.38;1.39;2.3157426;0.0131819;8;0
93.1809709;23.35;1.39;2.3183423;0.0128201;8;0
93.38093;23.3;1.39;2.3208696;0.0124584;8;0
93.5808892;23.26;1.39;2.3233247;0.0120973;8;0
93.7808484;23.24;1.39;2.3257076;0.0117363;8;0
93.9808075;23.2;1.39;2.3280183;0.0113756;8;0
94.1807667;23.16;1.39;2.3302569;0.0110153;8;0
94.3807259;23.12;1.39;2.3324235;0.0106551;8;0
94.580685;23.09;1.39;2.3345181;0.0102953;8;0
94.7806442;23.06;1.39;2.3365408;0.0099357;8;0
94.9806034;23.03;1.39;2.3384916;0.0095763;8;0
95.1805625;22.98;1.39;2.3403706;0.0092173;8;0
95.3805217;22.94;1.39;2.3421778;0.0088583;8;0
95.5804809;22.91;1.39;2.3439132;0.0084999;8;0
95.78044;22.87;1.39;2.3455771;0.0081415;8;0
95.9803992;22.84;1.39;2.3471692;0.0077833;8;0
96.1803584;22.82;1.4;2.3486897;0.0074252;8;0
96.3803175;22.79;1.4;2.3501387;0.0070671;8;0
96.5802767;22.76;1.4;2.3515161;0.0067098;8;0
96.7802358;22.72;1.4;2.352822;0.0063525;8;0
96.980195;22.67;1.4;2.3540566;0.0059956;8;0
97.1801542;22.64;1.4;2.3552198;0.0056392;8;0
97.3801133;22.59;1.4;2.3563118;0.0052828;8;0
97.5800725;22.54;1.4;2.3573325;0.0049271;8;0
97.7800317;22.49;1.4;2.3582822;0.0045714;8;0
97.9799908;22.45;1.4;2.3591608;0.0042162;8;0
98.17995;22.41;1.4;2.3599684;0.0038615;8;0
98.3799092;22.35;1.4;2.360705;0.0035068;8;0
98.5798683;22.3;1.4;2.3613709;0.0031532;8;0
98.7798275;22.28;1.4;2.361966;0.0027996;8;0
98.9797867;22.24;1.4;2.3624905;0.0024466;8;0
99.1797458;22.2;1.4;2.3629445;0.0020943;8;0
99.379705;22.16;1.4;2.3633281;0.001742;8;0
99.5796642;22.13;1.4;2.3636413;0.0013912;8;0
99.7796233;22.09;1.4;2.3638845;0.0010405;8;0
99.9795825;22.05;1.41;2.3640575;0.0006907;8;0
100.1795416;22.02;1.41;2.3641608;0.000342;8;0
100.3795008;21.99;1.41;2.3641943;-0.0000068;8;0
100.57946;21.94;1.41;2.3641583;-0.0003533;8;0
100.7794191;21.91;1.41;2.364053;-0.0006998;8;0
100.9793783;21.86;1.41;2.3638785;-0.0010444;8;0
101.1793375;21.82;1.41;2.3636354;-0.0013869;8;0
101.3792966;21.78;1.41;2.3633239;-0.0017294;8;-2.9592827
101.5792558;21.75;1.41;2.3629441;-0.0020691;7.9256879;-5.4249199
101.779215;21.69;1.41;2.3624964;-0.0024087;7.7876186;-5.425415
101.9791741;21.65;1.41;2.3619812;-0.0027395;7.6470439;-5.429143
102.1791333;21.62;1.41;2.3614013;-0.0030604;7.5037369;-5.4362009
102.3790925;21.58;1.41;2.3607573;-0.0033813;7.3574473;-5.4460851
102.5790516;21.53;1.41;2.3600478;-0.0037154;7.2079152;-5.458211
102.7790108;21.48;1.41;2.3592715;-0.0040498;7.0548709;-5.4226721
102.97897;21.44;1.41;2.3583597;-0.0058347;6.8994621;-5.3067057
103.1789291;21.4;1.41;2.3568526;-0.0092394;6.7439104;-5.206012
103.3788883;21.37;1.41;2.3546648;-0.012643;6.5877423;-4.730346
103.5788475;21.32;1.41;2.3508928;-0.0253269;6.4425613;-4.2852183
103.7788066;21.28;1.41;2.344536;-0.038252;6.3081581;-3.9283141
103.9787658;21.25;1.41;2.3356601;-0.0498142;6.1823826;-3.6546721
104.1787249;21.21;1.4;2.3246911;-0.0599015;6.063026;-3.4021669
104.3786841;21.17;1.4;2.3117028;-0.0700079;5.9497643;-3.1711278
104.5786433;21.14;1.4;2.2966977;-0.080056;5.8422173;-2.9536777
104.7786024;21.11;1.4;2.2796773;-0.0902066;5.7402328;-2.7458639
104.9785616;21.05;1.4;2.2606095;-0.1005221;5.643771;-2.5432098
105.1785208;20.99;1.4;2.2394507;-0.1110859;5.5529339;-2.3458982
105.3784799;20.94;1.4;2.2161809;-0.1218371;5.4678065;-2.1686166
105.5784391;20.92;1.4;2.1907573;-0.1322381;5.3879159;-1.990116
105.7783983;20.88;1.4;2.1632598;-0.142924;5.3135444;-1.8136368
105.9783574;20.83;1.4;2.1335926;-0.1537194;5.2448496;-1.6335473
106.1783166;20.81;1.39;2.1017439;-0.1647435;5.1821967;-1.443858
106.3782758;20.76;1.39;2.0677159;-0.1761171;5.1261815;-1.2535121
106.5782349;20.72;1.39;2.0313235;-0.1874099;5.0770498;-1.0456145
106.7781941;20.69;1.39;1.9927085;-0.1991156;5.0356999;-0.8151303
106.9781533;20.65;1.39;1.951688;-0.2112501;5.0032278;-0.5990283
107.1781124;20.61;1.39;1.9081734;-0.2239246;4.9792295;-0.5932956
107.3780716;20.58;1.39;1.8621578;-0.2369512;4.9553462;-0.5876176
107.5780308;20.55;1.39;1.8133534;-0.2509274;4.9315776;-0.5819941
107.7779899;20.52;1.39;1.7617803;-0.2651816;4.9079229;-0.5764243
107.9779491;20.49;1.39;1.7073022;-0.2804877;4.8843817;-0.5709078
108.1779082;20.47;1.39;1.6496597;-0.2961493;4.8609534;-0.5654442
108.3778674;20.44;1.39;1.5889153;-0.3130538;4.8376375;-0.5600328
108.5778266;20.41;1.38;1.5241135;-0.3366211;4.8144334;-0.5546732
108.7777857;20.34;1.38;1.4544635;-0.3580153;4.7913406;-0.5493649
108.9777449;20.29;1.38;1.3803425;-0.3883001;4.7683586;-0.5441074
109.1777041;20.25;1.38;1.2990208;-0.4253655;4.7454869;-0.5389002
109.3776632;20.21;1.38;1.2102984;-0.4480127;4.7227248;-0.5337429
109.5776224;20.17;1.38;1.1230336;-0.4277556;4.7000719;-0.5286349
109.7775816;20.15;1.38;1.0387397;-0.4146156;4.6775277;-0.5235758
109.9775407;20.12;1.38;0.9576209;-0.3928545;4.6550916;-0.5185651
110.1774999;20.05;1.38;0.8815903;-0.3680928;4.6327631;-0.5136023
110.3774591;20.02;1.37;0.8101139;-0.3466218;4.6105417;-0.5086871
110.5774182;19.98;1.37;0.7428993;-0.3258394;4.5884269;-0.5038189
110.7773774;19.94;1.37;0.6796826;-0.3067736;4.5664182;-0.4989973
110.9773366;19.89;1.37;0.6200928;-0.2889202;4.544515;-0.4989973
111.1772957;19.85;1.37;0.5640714;-0.2714597;4.5225058;-0.3076088
111.3772549;19.81;1.37;0.5114738;-0.2551324;4.5088846;0.0675019
111.5772141;19.75;1.37;0.4620054;-0.2392284;4.5118772;0.3822245
111.7771732;19.71;1.37;0.4157438;-0.223746;4.5287851;0.6510527
111.9771324;19.68;1.37;0.3724915;-0.2089094;4.5574403;0.8803363
112.1770915;19.63;1.36;0.3321722;-0.1942466;4.595903;1.0887619
112.3770507;19.6;1.36;0.2948194;-0.1798269;4.6430314;1.2809559
112.5770099;19.56;1.36;0.2602537;-0.1655151;4.6978738;1.4648986
112.776969;19.5;1.36;0.2286027;-0.15117;4.759817;1.6478077
112.9769282;19.45;1.36;0.1998345;-0.1363197;4.828545;1.8441351
113.1768874;19.43;1.36;0.1741258;-0.1207243;4.9043195;2.0629975
113.3768465;19.39;1.36;0.1515683;-0.1050746;4.987723;2.2910841
113.5768057;19.35;1.36;0.1321726;-0.0887596;5.0787427;2.5479853
113.7767649;19.32;1.36;0.116071;-0.0723066;5.1780897;2.8243942
113.976724;19.27;1.36;0.103137;-0.0586206;5.2860326;3.0438751
114.1766832;19.24;1.35;0.0924485;-0.0482623;5.3999483;3.1881908
114.3766424;19.17;1.35;0.0838411;-0.0378521;5.5167434;3.3542803
114.5766015;19.14;1.35;0.0764344;-0.0366614;5.6370112;3.2487928
114.7765607;19.1;1.35;0.0691777;-0.0359224;5.7510997;3.1371688
114.9765199;19.05;1.35;0.0620927;-0.0346721;5.8591603;3.0506776
115.176479;19.01;1.35;0.0553455;-0.0328123;5.9623637;2.9934135
115.3764382;18.97;1.35;0.0489706;-0.0309514;6.0619223;2.943812
115.5763974;18.94;1.35;0.0429485;-0.0292907;6.1582616;2.8937406
115.7763565;18.9;1.35;0.0372565;-0.0276417;6.2515155;2.8497005
115.9763157;18.87;1.34;0.0318932;-0.0260113;6.3420102;2.810992
116.1762748;18.83;1.34;0.026853;-0.0244013;6.430028;2.7771467
116.376234;18.8;1.34;0.0221348;-0.0227913;6.5158186;2.7486686
116.5761932;18.75;1.34;0.0177175;-0.0213993;6.5996315;2.7157779
116.7761523;18.72;1.34;0.0135767;-0.020018;6.6814089;2.6870692
116.9761115;18.68;1.34;0.0096967;-0.0189739;6.7613485;2.6473568
117.1760707;18.66;1.34;0.0059666;-0.0183343;6.8391929;2.5926836
117.3760298;18.63;1.34;0.0023645;-0.0176944;6.9145803;2.5415203
117.575989;18.59;1.34;6.2820427;-0.0173994;6.9876907;2.4768275
117.7759482;18.56;1.34;6.2785914;-0.0171203;7.0582116;2.4143052
117.9759073;18.52;1.34;6.2751927;-0.0169127;7.1262806;2.3509534
118.1758665;18.48;1.34;6.2718231;-0.0167906;7.1919444;2.2858204
118.3758257;18.46;1.33;6.2684778;-0.0166686;7.2552192;2.2231671
118.5757848;18.43;1.33;6.2651589;-0.016526;7.3162348;2.1639959
118.775744;18.4;1.33;6.2618688;-0.0163827;7.3751416;2.1071242
118.9757032;18.36;1.33;6.2586073;-0.0162369;7.4320516;2.0525545
119.1756623;18.31;1.33;6.2553755;-0.016088;7.4870719;2.0002289
119.3756215;18.27;1.33;6.2521734;-0.0159393;7.5403033;1.9498716
119.5755807;18.24;1.33;6.249001;-0.0157914;7.5918353;1.9013628
119.7755398;18.19;1.33;6.2458581;-0.0156435;7.6417506;1.8546588
119.975499;18.15;1.33;6.2427449;-0.0154945;7.6901277;1.8097607
120.1754581;18.11;1.33;6.2396617;-0.0153441;7.7370421;1.7666064
120.3754173;18.09;1.32;6.2366085;-0.0151938;7.7825651;1.725034
120.5753765;18.06;1.32;6.2335855;-0.0150423;7.8267613;1.6850691
120.7753356;17.99;1.32;6.2305928;-0.0148908;7.8696939;1.6465643
120.9752948;17.96;1.32;6.2276304;-0.0147387;7.9114204;1.6095076
121.175254;17.93;1.32;6.2246986;-0.0145857;7.9519963;1.5738536
121.3752131;17.89;1.32;6.2217973;-0.0144329;7.9914741;0.3409253
121.5751723;17.86;1.32;6.2189268;-0.0142787;8;0
121.7751315;17.84;1.32;6.216087;-0.0141246;8;0
121.9750906;17.79;1.32;6.2132781;-0.01397;8;0
122.1750498;17.76;1.32;6.2105002;-0.0138146;8;0
122.375009;17.72;1.32;6.2077533;-0.0136594;8;0
122.5749681;17.68;1.31;6.2050377;-0.0135029;8;0
122.7749273;17.64;1.31;6.2023533;-0.0133465;8;0
122.9748865;17.6;1.31;6.1997002;-0.0131895;8;0
123.1748456;17.55;1.31;6.1970786;-0.0130318;8;0
123.3748048;17.51;1.31;6.1944885;-0.0128742;8;0
123.574764;17.48;1.31;6.1919301;-0.0127154;8;0
123.7747231;17.42;1.31;6.1894034;-0.0125566;8;0
123.9746823;17.38;1.31;6.1869085;-0.0123972;8;0
124.1746414;17.33;1.31;6.1844456;-0.0122371;8;0
124.3746006;17.28;1.3;6.1820147;-0.0120771;8;0
124.5745598;17.24;1.3;6.1796159;-0.0119157;8;0
124.7745189;17.19;1.3;6.1772494;-0.0117544;8;0
124.9744781;17.13;1.3;6.1749151;-0.0115924;8;0
125.1744373;17.11;1.3;6.1726134;-0.0114297;8;0
125.3743964;17.08;1.3;6.1703442;-0.0112671;8;0
125.5743556;17.02;1.3;6.1681076;-0.011103;8;0
125.7743148;16.99;1.3;6.1659039;-0.0109389;8;0
125.9742739;16.93;1.3;6.163733;-0.0107741;8;0
126.1742331;16.91;1.29;6.1615951;-0.0106085;8;0
126.3741923;16.89;1.29;6.1594904;-0.010443;8;0
126.5741514;16.87;1.29;6.157419;-0.0102757;8;0
126.7741106;16.84;1.29;6.155381;-0.0101084;8;0
126.9740698;16.8;1.29;6.1533765;-0.0099406;8;0
127.1740289;16.77;1.29;6.1514056;-0.0097721;8;0
127.3739881;16.73;1.29;6.1494685;-0.0096036;8;0
127.5739473;16.71;1.29;6.147565;-0.0094352;8;0
127.7739064;16.68;1.29;6.1456951;-0.0092668;8;0
127.9738656;16.64;1.29;6.143859;-0.0090987;8;0
128.1738247;16.6;1.29;6.1420564;-0.0089308;8;0
128.3737839;16.57;1.29;6.1402874;-0.008763;8;0
128.5737431;16.53;1.29;6.1385519;-0.0085951;8;0
128.7737022;16.48;1.28;6.13685;-0.0084273;8;0
128.9736614;16.44;1.28;6.1351817;-0.0082595;8;0
129.1736206;16.41;1.28;6.1335469;-0.0080917;8;0
129.3735797;16.38;1.28;6.1319457;-0.0079239;8;0
129.5735389;16.34;1.28;6.1303779;-0.0077566;8;0
129.7734981;16.32;1.28;6.1288437;-0.0075892;8;0
129.9734572;16.29;1.28;6.1273429;-0.007422;8;0
130.1734164;16.26;1.28;6.1258755;-0.007255;8;0
130.3733756;16.22;1.28;6.1244415;-0.0070879;8;0
130.5733347;16.18;1.28;6.1230408;-0.0069212;8;0
130.7732939;16.13;1.28;6.1216736;-0.0067544;8;0
130.9732531;16.11;1.27;6.1203396;-0.0065878;8;0
131.1732122;16.09;1.27;6.119039;-0.0064214;8;0
131.3731714;16.06;1.27;6.1177716;-0.0062549;8;0
131.5731305;16.03;1.27;6.1165375;-0.0060888;8;0
131.7730897;16;1.27;6.1153366;-0.0059227;8;0
131.9730489;15.95;1.27;6.1141689;-0.0057568;8;0
132.173008;15.91;1.27;6.1130343;-0.005591;8;0
132.3729672;15.88;1.27;6.1119329;-0.0054252;8;0
132.5729264;15.81;1.27;6.1108646;-0.0052598;8;0
132.7728855;15.77;1.27;6.1098294;-0.0050944;8;0
132.9728447;15.75;1.26;6.1088273;-0.0049292;8;0
133.1728039;15.69;1.26;6.1078581;-0.0047642;8;0
133.372763;15.66;1.26;6.106922;-0.0045992;8;0
133.5727222;15.63;1.25;6.1060188;-0.0044346;8;0
133.7726814;15.58;1.25;6.1051485;-0.00427;8;0
133.9726405;15.55;1.25;6.1043112;-0.0041056;8;0
134.1725997;15.52;1.25;6.1035066;-0.0039414;8;0
134.3725589;15.46;1.24;6.1027349;-0.0037772;8;0
134.572518;15.42;1.24;6.101996;-0.0036135;8;0
134.7724772;15.38;1.24;6.1012898;-0.0034498;8;0
134.9724364;15.33;1.23;6.1006163;-0.0032863;8;0
135.1723955;15.28;1.23;6.0999755;-0.0031231;8;0
135.3723547;15.24;1.23;6.0993674;-0.0029599;8;0
135.5723138;15.19;1.22;6.0987918;-0.0027971;8;0
135.772273;15.15;1.22;6.0982487;-0.0026344;8;0
135.9722322;15.11;1.22;6.0977382;-0.0024719;8;0
136.1721913;15.08;1.21;6.0972602;-0.0023096;8;0
136.3721505;15.03;1.21;6.0968146;-0.0021474;8;0
136.5721097;14.99;1.21;6.0964013;-0.0019857;8;0
136.7720688;14.96;1.21;6.0960205;-0.001824;8;0
136.972028;14.93;1.2;6.0956719;-0.0016626;8;0
137.1719872;14.89;1.2;6.0953556;-0.0015014;8;0
137.3719463;14.86;1.2;6.0950714;-0.0013402;8;0
137.5719055;14.81;1.19;6.0948195;-0.0011796;8;0
137.7718647;14.77;1.19;6.0945997;-0.001019;8;0
137.9718238;14.73;1.19;6.094412;-0.0008586;8;0
138.171783;14.71;1.19;6.0942563;-0.0006986;8;0
138.3717422;14.69;1.18;6.0941326;-0.0005385;8;0
138.5717013;14.65;1.18;6.0940409;-0.000379;8;0
138.7716605;14.62;1.18;6.093981;-0.0002195;8;0
138.9716197;14.58;1.18;6.0939531;-0.0000604;8;0
139.1715788;14.54;1.17;6.0939569;0.0000986;8;0
139.371538;14.51;1.17;6.0939925;0.0002575;8;0
139.5714971;14.48;1.17;6.0940598;0.0004158;8;0
139.7714563;14.43;1.16;6.0941588;0.0005742;8;0
139.9714155;14.39;1.16;6.0942894;0.0007322;8;0
140.1713746;14.36;1.16;6.0944516;0.00089;8;0
140.3713338;14.31;1.15;6.0946453;0.0010478;8;0
140.571293;14.28;1.15;6.0948706;0.001205;8;0
140.7712521;14.24;1.14;6.0951272;0.0013622;8;0
140.9712113;14.2;1.14;6.0954153;0.0015191;8;0
141.1711705;14.15;1.13;6.0957347;0.0016757;8;0
141.3711296;14.12;1.13;6.0960854;0.0018323;8;0
141.5710888;14.06;1.12;6.0964674;0.0019884;8;0
141.771048;14.02;1.12;6.0968806;0.0021445;8;0
141.9710071;13.98;1.12;6.097325;0.0023002;8;0
142.1709663;13.96;1.11;6.0978005;0.0024558;8;0
142.3709255;13.93;1.11;6.0983071;0.0026113;8;0
142.5708846;13.89;1.11;6.0988448;0.0027663;8;0
142.7708438;13.87;1.1;6.0994134;0.0029212;8;0
142.970803;13.82;1.09;6.100013;0.003076;8;0
143.1707621;13.76;1.08;6.1006435;0.0032304;8;0
143.3707213;13.73;1.07;6.1013049;0.0033849;8;0
143.5706804;13.68;1.06;6.1019971;0.0035388;8;0
143.7706396;13.65;1.04;6.1027202;0.0036928;8;0
143.9705988;13.62;1.03;6.1034739;0.0038465;8;0
144.1705579;13.56;1.01;6.1042584;0.0039999;8;0
144.3705171;13.54;1;6.1050736;0.0041534;8;0
144.5704763;13.53;0.99;6.1059194;0.0043064;8;0
144.7704354;13.5;0.98;6.1067958;0.0044595;8;0
144.9703946;13.48;0.97;6.1077028;0.0046123;8;0
145.1703538;13.43;0.96;6.1086403;0.0047649;8;0
145.3703129;13.38;0.94;6.1096084;0.0049175;8;0
145.5702721;13.36;0.93;6.1106069;0.0050698;8;0
145.7702313;13.33;0.91;6.1116359;0.005222;8;0
145.9701904;13.29;0.9;6.1126953;0.005374;8;0
146.1701496;13.28;0.89;6.113785;0.0055259;8;0
146.3701088;13.25;0.88;6.1149052;0.0056778;8;0
146.5700679;13.21;0.87;6.1160557;0.0058293;8;0
146.7700271;13.16;0.85;6.1172364;0.0059809;8;0
146.9699863;13.12;0.83;6.1184475;0.0061324;8;0
147.1699454;13.09;0.81;6.1196889;0.0062837;8;0
147.3699046;13.07;0.8;6.1209605;0.006435;8;0
147.5698637;13.02;0.77;6.1222623;0.0065861;8;0
147.7698229;12.98;0.74;6.1235944;0.0067373;8;0
147.9697821;12.97;0.73;6.1249567;0.0068883;8;0
148.1697412;12.93;0.71;6.1263492;0.0070392;8;0
148.3697004;12.91;0.69;6.1277718;0.0071902;8;0
148.5696596;12.88;0.67;6.1292246;0.0073413;8;0
148.7696187;12.87;0.65;6.1307077;0.0074924;8;0
148.9695779;12.83;0.62;6.132221;0.0076443;8;0
149.1695371;12.78;0.57;6.1337648;0.0077969;8;0
149.3694962;12.75;0.54;6.1353391;0.0079496;8;0
149.5694554;12.73;0.53;6.1369442;0.0081041;8;0
149.7694146;12.7;0.5;6.1385801;0.0082587;8;0
149.9693737;12.68;0.48;6.1402471;0.0084143;8;0
150.1693329;12.66;0.46;6.1419452;0.0085706;8;0
150.3692921;12.64;0.45;6.1436746;0.008727;8;0
150.5692512;12.61;0.42;6.1454354;0.008885;8;0
150.7692104;12.58;0.4;6.1472279;0.0090431;8;0
150.9691696;12.57;0.38;6.149052;0.009202;8;0
151.1691287;12.54;0.36;6.150908;0.0093617;8;0
151.3690879;12.53;0.35;6.1527959;0.0095215;8;0
151.569047;12.52;0.33;6.1547159;0.0096826;8;0
151.7690062;12.49;0.31;6.1566681;0.0098438;8;0
151.9689654;12.45;0.27;6.1586527;0.0100059;8;0
152.1689245;12.42;0.24;6.1606697;0.0101686;8;0
152.3688837;12.41;0.23;6.1627193;0.0103315;8;0
152.5688429;12.39;0.22;6.1648016;0.0104957;8;0
152.768802;12.35;0.18;6.1669167;0.0106598;8;0
152.9687612;12.34;0.17;6.1690647;0.0108247;8;0
153.1687204;12.31;0.14;6.1712457;0.01099;8;0
153.3686795;12.3;0.13;6.1734598;0.0111555;8;0
153.5686387;12.23;0.07;6.1757071;0.0113219;8;0
153.7685979;12.21;0.06;6.1779876;0.0114883;8;0
153.968557;12.2;0.04;6.1803015;0.0116556;8;0
154.1685162;12.17;0.02;6.182649;0.0118237;8;0
154.3684754;12.14;0;6.18503;0.0119917;8;0
154.5684345;12.13;-0.01;6.1874445;0.0121586;8;0
154.7683937;12.12;-0.03;6.1898925;0.0123255;8;0
154.9683529;12.08;-0.06;6.1923722;0.0124671;8;0
155.168312;12.04;-0.1;6.1948776;0.0125919;8;0
155.3682712;12.01;-0.13;6.1974079;0.0127082;8;0
155.5682303;12;-0.14;6.1999534;0.0127528;8;0
155.7681895;11.98;-0.16;6.2025079;0.0127972;8;0
155.9681487;11.96;-0.17;6.2050616;0.0126826;8;0
156.1681078;11.94;-0.19;6.2075759;0.0124663;8;0
156.368067;11.91;-0.22;6.2100468;0.01223;8;0
156.5680262;11.88;-0.24;6.212453;0.0118366;8;0
156.7679853;11.86;-0.26;6.2147805;0.0114435;8;0
156.9679445;11.85;-0.27;6.2170292;0.011046;8;0
157.1679037;11.82;-0.3;6.2191979;0.0106458;8;0
157.3678628;11.81;-0.31;6.2212867;0.0102468;8;0
157.567822;11.76;-0.35;6.2232965;0.0098559;8;0
157.7677812;11.73;-0.38;6.2252282;0.009465;8;0
157.9677403;11.71;-0.4;6.2270817;0.0090738;8;0
158.1676995;11.69;-0.42;6.228857;0.0086822;8;0
158.3676587;11.67;-0.43;6.2305539;0.0082909;8;0
158.5676178;11.65;-0.45;6.2321727;0.0079007;8;0
158.767577;11.61;-0.48;6.2337136;0.0075105;8;0
158.9675362;11.6;-0.49;6.2351764;0.0071206;8;0
159.1674953;11.58;-0.52;6.2365612;0.0067309;8;0
159.3674545;11.56;-0.54;6.2378682;0.0063413;8;0
159.5674136;11.53;-0.57;6.2390973;0.0059524;8;0
159.7673728;11.49;-0.6;6.2402487;0.0055635;8;0
159.967332;11.47;-0.61;6.2413223;0.0051752;8;0
160.1672911;11.46;-0.63;6.2423183;0.0047873;8;0
160.3672503;11.44;-0.65;6.2432368;0.0043995;8;0
160.5672095;11.43;-0.66;6.2440779;0.0040125;8;0
160.7671686;11.37;-0.7;6.2448415;0.0036256;8;0
160.9671278;11.35;-0.73;6.2455278;0.0032392;8;0
161.167087;11.33;-0.75;6.2461369;0.0028532;8;0
161.3670461;11.28;-0.78;6.2466689;0.0024673;8;0
161.5670053;11.25;-0.82;6.2471237;0.0020823;8;0
161.7669645;11.23;-0.83;6.2475016;0.0016973;8;0
161.9669236;11.2;-0.86;6.2478025;0.0013129;8;0
162.1668828;11.17;-0.88;6.2480267;0.000929;8;0
162.366842;11.15;-0.9;6.2481741;0.0005453;8;0
162.5668011;11.13;-0.92;6.2482449;0.0001627;8;0
162.7667603;11.12;-0.94;6.2482391;-0.0002198;8;0
162.9667195;11.1;-0.96;6.248157;-0.0006016;8;0
163.1666786;11.07;-0.98;6.2479986;-0.0009828;8;0
163.3666378;11.04;-1.01;6.2477639;-0.0013637;8;0
163.5665969;11.01;-1.04;6.2474534;-0.0017425;8;0
163.7665561;11;-1.05;6.2470671;-0.0021213;8;0
163.9665153;10.96;-1.08;6.246605;-0.0025004;8;0
164.1664744;10.93;-1.11;6.2460671;-0.0028796;8;0
164.3664336;10.91;-1.12;6.2454534;-0.0032569;8;0
164.5663928;10.89;-1.14;6.2447655;-0.0036234;8;0
164.7663519;10.88;-1.15;6.2440043;-0.0039899;8;0
164.9663111;10.86;-1.17;6.2431687;-0.0043749;8;0
165.1662703;10.85;-1.18;6.2422544;-0.0047699;8;0
165.3662294;10.83;-1.2;6.2412599;-0.0052402;8;-3.0247383
165.5661886;10.82;-1.21;6.2401235;-0.0061261;7.9240363;-5.1449641
165.7661478;10.8;-1.22;6.23881;-0.0070121;7.7931243;-5.0137339
165.9661069;10.78;-1.24;6.2371969;-0.0097656;7.6634002;-4.8374359
166.1660661;10.74;-1.27;6.2348708;-0.0135;7.5361212;-4.6407788
166.3660253;10.73;-1.29;6.2317884;-0.0178495;7.4119627;-4.2806281
166.5659844;10.72;-1.3;6.2274539;-0.0255065;7.2955664;-3.9419431
166.7659436;10.69;-1.32;6.2215883;-0.0331588;7.1867123;-3.6521395
166.9659027;10.68;-1.33;6.2142324;-0.0402145;7.0843684;-3.3921378
167.1658619;10.63;-1.38;6.2055156;-0.046972;6.9879681;-3.147757
167.3658211;10.61;-1.4;6.1954475;-0.0536655;6.8973076;-2.9311468
167.5657802;10.59;-1.42;6.184083;-0.0600005;6.811801;-2.7219126
167.7657394;10.58;-1.44;6.1714499;-0.066366;6.7314256;-2.5194745
167.9656986;10.54;-1.48;6.15754;-0.0727444;6.656163;-2.3211056
168.1656577;10.52;-1.51;6.1423524;-0.0791653;6.5860651;-2.1251565
168.3656169;10.51;-1.52;6.1258786;-0.0856347;6.5212241;-1.9290099
168.5655761;10.5;-1.54;6.1080972;-0.0921795;6.4618045;-1.7312864
168.7655352;10.47;-1.59;6.0890082;-0.0987966;6.4080063;-1.5295603
168.9654944;10.46;-1.61;6.0685806;-0.1055044;6.3600979;-1.3212395
169.1654536;10.44;-1.65;6.0468029;-0.1123211;6.3184221;-1.1051191
169.3654127;10.43;-1.67;6.0236614;-0.1192262;6.283351;-0.9447773
169.5653719;10.42;-1.7;5.9991068;-0.1262965;6.2532125;-0.9357357
169.7653311;10.4;-1.73;5.9731433;-0.1334853;6.2232185;-0.9267806
169.9652902;10.4;-1.76;5.9457149;-0.1408467;6.1933684;-0.9179111
170.1652494;10.38;-1.81;5.9167985;-0.1483897;6.1636615;-0.9091266
170.3652086;10.37;-1.82;5.8863723;-0.1560799;6.134097;-0.9004261
170.5651677;10.37;-1.85;5.8543554;-0.1640927;6.1046744;-0.8918089
170.7651269;10.36;-1.88;5.820739;-0.172246;6.0753929;-0.8832742
170.965086;10.35;-1.91;5.7854574;-0.1807157;6.0462518;-0.8748212
171.1650452;10.34;-1.98;5.7484489;-0.1894827;6.0172505;-0.866449
171.3650044;10.34;-2.03;5.7096775;-0.1984653;5.9883884;-0.858157
171.5649635;10.33;-2.06;5.6690506;-0.2079512;5.9596646;-0.8499443
171.7649227;10.33;-2.09;5.6265027;-0.2176225;5.9310787;-0.8418102
171.9648819;10.33;-2.16;5.5819966;-0.2278472;5.9026298;-0.833754
172.164841;10.33;-2.19;5.5353799;-0.2384636;5.8743174;-0.8257748
172.3648002;10.34;-2.2;5.4866259;-0.2493019;5.8461409;-0.817872
172.5647594;10.34;-2.22;5.4356731;-0.2607745;5.8180994;-0.8100449
172.7647185;10.34;-2.26;5.3823262;-0.2723222;5.7901925;-0.8022927
172.9646777;10.34;-2.29;5.3267161;-0.2848572;5.7624194;-0.7946146
173.1646369;10.35;-2.33;5.2684064;-0.2984055;5.7347796;-0.78701
173.364596;10.35;-2.37;5.2074753;-0.3066021;5.7072723;-0.7794782
173.5645552;10.35;-2.41;5.146627;-0.3028513;5.6798969;-0.7720185
173.7645144;10.36;-2.47;5.0862074;-0.3011005;5.6526529;-0.7646302
173.9644735;10.36;-2.5;5.0268694;-0.290511;5.6255395;-0.7573126
174.1644327;10.37;-2.55;4.9700282;-0.2781829;5.5985562;-0.750065
174.3643919;10.37;-2.58;4.9154954;-0.2671012;5.5717024;-0.7428868
174.564351;10.37;-2.6;4.8631613;-0.256602;5.5449773;-0.7357773
174.7643102;10.37;-2.63;4.8128142;-0.2470001;5.5183804;-0.7287358
174.9642693;10.38;-2.64;4.7643236;-0.2379776;5.4919111;-0.7217617
175.1642285;10.38;-2.7;4.7176032;-0.229413;5.4655688;-0.7148543
175.3641877;10.38;-2.75;4.6725264;-0.2214921;5.4393528;-0.7080131
175.5641468;10.39;-2.81;4.6290011;-0.2138509;5.4132625;-0.7012373
175.764106;10.39;-2.83;4.5869713;-0.2066537;5.3872974;-0.6945263
175.9640652;10.39;-2.85;4.5463266;-0.1998323;5.3614569;-0.6878796
176.1640243;10.4;-2.89;4.507029;-0.193257;5.3357402;-0.6878796
176.3639835;10.4;-2.92;4.4690222;-0.1870202;5.3098991;-0.6092222
176.5639427;10.4;-2.95;4.4322266;-0.1809185;5.2869073;-0.3757228
176.7639018;10.41;-2.97;4.3966493;-0.1750406;5.2726778;-0.1743801
176.963861;10.41;-3;4.3622128;-0.1693663;5.2660605;0.0001761
177.1638202;10.41;-3.03;4.3289016;-0.1638126;5.2660672;0.1541717
177.3637793;10.41;-3.05;4.2966971;-0.1584373;5.271918;0.2890508
177.5637385;10.42;-3.09;4.2655391;-0.1530982;5.2828701;0.4114743
177.7636977;10.42;-3.12;4.2354565;-0.1478727;5.2984217;0.5212271
177.9636568;10.42;-3.15;4.2063985;-0.1427539;5.3180561;0.6203172
178.163616;10.42;-3.18;4.1783595;-0.1376801;5.3413291;0.7120282
178.3635752;10.42;-3.23;4.151339;-0.1326931;5.3679186;0.7963478
178.5635343;10.42;-3.26;4.1252932;-0.1277367;5.3975016;0.8759963
178.7634935;10.42;-3.3;4.1002468;-0.1228277;5.4298574;0.9513387
178.9634526;10.42;-3.34;4.0761507;-0.1183494;5.4647789;1.0116948
179.1634118;10.42;-3.39;4.0529016;-0.1141785;5.5016728;1.0618326
179.363371;10.42;-3.43;4.0304899;-0.1101835;5.5401309;1.1064785
179.5633301;10.42;-3.45;4.0086094;-0.1086267;5.579924;1.0756057
179.7632893;10.42;-3.49;3.9870441;-0.1070945;5.6183366;1.0476449
179.9632485;10.42;-3.52;3.965776;-0.1056776;5.6554998;1.019391
180.1632076;10.42;-3.56;3.9447761;-0.1043624;5.6914279;0.9910946
180.3631668;10.42;-3.6;3.924039;-0.1030678;5.7261425;0.9652452
180.563126;10.42;-3.64;3.9035892;-0.101455;5.7597507;0.9528319
180.7630851;10.42;-3.68;3.8834615;-0.0998786;5.7927353;0.9413716
180.9630443;10.42;-3.73;3.8636451;-0.0983211;5.8251399;0.9313194
181.1630035;10.42;-3.79;3.8441393;-0.0967774;5.8570219;0.9227157
181.3629626;10.42;-3.82;3.8249411;-0.0952682;5.8884393;0.9147104
181.5629218;10.42;-3.85;3.8060375;-0.0937938;5.9194194;0.9071946
181.762881;10.42;-3.9;3.7874283;-0.0923484;5.9499857;0.9002856
181.9628401;10.42;-3.95;3.7691043;-0.090931;5.9801648;0.8939402
182.1627993;10.42;-3.97;3.7510614;-0.0895354;6.0099812;0.888294
182.3627585;10.42;-4.03;3.7332966;-0.0881675;6.0394635;0.8830568
182.5627176;10.42;-4.1;3.7158;-0.0868243;6.06863;0.8782705
182.7626768;10.42;-4.13;3.6985716;-0.0855043;6.0975;0.8739297
182.9626359;10.42;-4.17;3.6816039;-0.084211;6.1260923;0.8698445
183.1625951;10.42;-4.21;3.6648924;-0.082939;6.154419;0.8661603
183.3625543;10.42;-4.25;3.6484344;-0.0816892;6.1824968;0.862795
183.5625134;10.42;-4.28;3.6322224;-0.0804562;6.2103393;0.8599023
183.7624726;10.42;-4.32;3.6162566;-0.0792418;6.2379648;0.8573696
183.9624318;10.42;-4.36;3.600531;-0.0780499;6.2653877;0.8549915
184.1623909;10.42;-4.4;3.5850416;-0.0768762;6.2926155;0.8529033
184.3623501;10.42;-4.43;3.5697862;-0.0757197;6.3196599;0.8511053
184.5623093;10.42;-4.48;3.5547599;-0.0745685;6.3465324;0.8500411
184.7622684;10.42;-4.53;3.5399635;-0.0734321;6.3732582;0.8492752
184.9622276;10.42;-4.55;3.5253922;-0.0723134;6.3998485;0.8486547
185.1621868;10.42;-4.57;3.5110429;-0.0712088;6.4263095;0.8482986
185.3621459;10.42;-4.62;3.496914;-0.0701183;6.4526509;0.848178
185.5621051;10.43;-4.66;3.4830006;-0.0690398;6.4788815;0.8483535
185.7620643;10.43;-4.68;3.4693026;-0.067973;6.5050118;0.8488101
185.9620234;10.43;-4.72;3.4558164;-0.066918;6.5310514;0.8495141
186.1619826;10.43;-4.76;3.4425401;-0.0658725;6.5570092;0.8505431
186.3619418;10.43;-4.79;3.4294723;-0.064838;6.5828958;0.8518023
186.5619009;10.43;-4.83;3.4166097;-0.0638118;6.6087191;0.8533924
186.7618601;10.43;-4.89;3.403952;-0.0627948;6.6344898;0.8552497
186.9618192;10.43;-4.94;3.3914965;-0.0617859;6.6602166;0.857395
187.1617784;10.43;-4.97;3.3792421;-0.0607837;6.6859086;0.8598811
187.3617376;10.43;-5.01;3.3671876;-0.0597899;6.7115762;0.8626003
187.5616967;10.43;-5.07;3.3553308;-0.0588011;6.7372268;0.8656991
187.7616559;10.44;-5.12;3.3436714;-0.0578193;6.7628718;0.8690577
187.9616151;10.44;-5.15;3.3322075;-0.0568433;6.7885187;0.8727181
188.1615742;10.44;-5.21;3.3209383;-0.055872;6.8141766;0.876718
188.3615334;10.44;-5.26;3.3098629;-0.0549071;6.8398551;0.8809577
188.5614926;10.45;-5.29;3.2989798;-0.0539453;6.8655611;0.885585
188.7614517;10.45;-5.32;3.2882888;-0.0529888;6.8913055;0.8904735
188.9614109;10.45;-5.37;3.2777884;-0.0520367;6.9170953;0.8956599
189.1613701;10.45;-5.42;3.2674781;-0.051088;6.9429387;0.901176
189.3613292;10.45;-5.45;3.2573571;-0.0501442;6.9688446;0.9069372
189.5612884;10.46;-5.51;3.2474244;-0.0492035;6.9948192;0.9130255
189.7612476;10.46;-5.54;3.2376794;-0.0482668;7.0208711;0.9193858
189.9612067;10.46;-5.58;3.2281213;-0.0473347;7.0470072;0.9259743
190.1611659;10.46;-5.63;3.2187492;-0.0464061;7.073233;0.9328462
190.3611251;10.46;-5.67;3.2095625;-0.0454815;7.0995554;0.9399617
190.5610842;10.47;-5.71;3.20056;-0.0445623;7.1259803;0.9472432
190.7610434;10.47;-5.75;3.191741;-0.0436461;7.1525111;0.954819
190.9610025;10.47;-5.8;3.1831047;-0.0427372;7.1791549;0.9624467
191.1609617;10.47;-5.85;3.1746494;-0.0418332;7.2059118;0.9702593
191.3609209;10.48;-5.88;3.1663746;-0.0409331;7.2327857;0.9783019
191.56088;10.48;-5.91;3.1582787;-0.0400431;7.2597817;0.9862452
191.7608392;10.48;-5.94;3.1503605;-0.0391551;7.2868956;0.9945158
191.9607984;10.48;-5.97;3.1426193;-0.0382758;7.3141351;1.0027518
192.1607575;10.48;-6.01;3.1350531;-0.0374018;7.3414979;1.0111381
192.3607167;10.48;-6.05;3.1276614;-0.0365312;7.3689866;1.0197762
192.5606759;10.49;-6.09;3.1204429;-0.0356704;7.3966067;1.028309
192.760635;10.49;-6.11;3.1133961;-0.0348111;7.4243539;1.0371954
192.9605942;10.49;-6.15;3.1065208;-0.0339591;7.4522362;1.0461099
193.1605534;10.49;-6.18;3.0998152;-0.0331113;7.4802529;1.0552228
193.3605125;10.49;-6.21;3.0932787;-0.0322663;7.5084077;1.0646164
193.5604717;10.49;-6.24;3.0869107;-0.0314291;7.5367065;1.073993
193.7604309;10.5;-6.27;3.0807096;-0.0305932;7.5651474;1.08374
193.96039;10.5;-6.32;3.0746751;-0.0297696;7.5937384;1.0932023
194.1603492;10.5;-6.41;3.0688041;-0.0289527;7.6224703;1.1027213
194.3603084;10.5;-6.44;3.0630961;-0.0281409;7.6513432;1.1123904
194.5602675;10.51;-6.47;3.0575484;-0.0273495;7.6803592;1.1212936
194.7602267;10.51;-6.52;3.0521585;-0.0265591;7.709497;1.1306051
194.9601858;10.51;-6.56;3.0469266;-0.0257727;7.7387656;1.140134
195.160145;10.51;-6.6;3.0418515;-0.0249886;7.7681693;1.1499828
195.3601042;10.51;-6.64;3.036933;-0.0242057;7.7977146;1.1602116
195.5600633;10.52;-6.69;3.0321711;-0.0234248;7.8274097;1.1707627
195.7600225;10.52;-6.78;3.027565;-0.0226447;7.8572611;1.1817161
195.9599817;10.52;-6.81;3.0231149;-0.0218656;7.8872773;1.1930562
196.1599408;10.53;-6.86;3.0188205;-0.0210872;7.917466;1.2047974
196.3599;10.53;-6.88;3.0146816;-0.0203094;7.9478354;1.2169414
196.5598592;10.53;-6.91;3.0106984;-0.0195319;7.9783937;0.8632631
196.7598183;10.53;-6.95;3.0068704;-0.018755;8;0
196.9597775;10.53;-7;3.0031979;-0.017978;8;0
197.1597367;10.54;-7.05;2.9996807;-0.0172012;8;0
197.3596958;10.54;-7.09;2.9963187;-0.0164247;8;0
197.559655;10.54;-7.13;2.9931122;-0.0156477;8;0
197.7596142;10.54;-7.16;2.9900609;-0.0148711;8;0
197.9595733;10.54;-7.19;2.987165;-0.0140939;8;0
198.1595325;10.54;-7.22;2.9844245;-0.0133166;8;0
198.3594916;10.55;-7.24;2.9818394;-0.0125394;8;0
198.5594508;10.55;-7.27;2.9794098;-0.0117616;8;0
198.75941;10.55;-7.32;2.9771357;-0.0109841;8;0
198.9593691;10.55;-7.35;2.9750171;-0.010205;8;0
199.1593283;10.55;-7.4;2.9730545;-0.0094253;8;0
199.3592875;10.55;-7.44;2.971249;-0.0085855;8;0
199.5592466;10.55;-7.5;2.96964;-0.0075084;8;0
199.7592058;10.55;-7.53;2.9682463;-0.0064314;8;0
199.959165;10.55;-7.57;2.9671167;-0.0046621;8;0
200.1591241;10.55;-7.64;2.9663903;-0.0026034;8;0
200.3590833;10.55;-7.68;2.9660762;-0.0005146;8;0
200.5590425;10.55;-7.73;2.9661937;0.0016899;8;0
200.7590016;10.54;-7.8;2.966752;0.003894;8;0
200.9589608;10.54;-7.83;2.9677496;0.0060778;8;0
201.15892;10.54;-7.88;2.9691824;0.0082532;8;0
201.3588791;10.54;-7.93;2.9710501;0.0104268;8;0
201.5588383;10.54;-7.95;2.9733518;0.0125952;8;0
201.7587975;10.54;-7.99;2.9760871;0.0147632;8;0
201.9587566;10.54;-8.02;2.9792558;0.0169293;8;0
202.1587158;10.54;-8.06;2.9828574;0.0190946;8;0
202.3586749;10.54;-8.1;2.9868921;0.0212591;8;0
202.5586341;10.53;-8.12;2.9913592;0.023422;8;0
202.7585933;10.53;-8.16;2.996259;0.0255852;8;0
202.9585524;10.53;-8.22;3.001591;0.0277464;8;0
203.1585116;10.53;-8.25;3.0073553;0.0299078;8;0
203.3584708;10.53;-8.29;3.0135519;0.0320691;8;0
203.5584299;10.53;-8.35;3.0201802;0.0342294;8;0
203.7583891;10.53;-8.38;3.027241;0.0363915;8;0
203.9583483;10.53;-8.41;3.0347338;0.038552;8;0
204.1583074;10.53;-8.46;3.0426588;0.0407145;8;0
204.3582666;10.52;-8.54;3.0510164;0.0428782;8;0
204.5582258;10.52;-8.56;3.0598065;0.0450419;8;0
204.7581849;10.52;-8.59;3.0690298;0.0472099;8;0
204.9581441;10.52;-8.62;3.0786866;0.049377;8;0
205.1581033;10.52;-8.64;3.088777;0.0515488;8;0
205.3580624;10.52;-8.67;3.0993022;0.0537241;8;0
205.5580216;10.52;-8.7;3.1102624;0.0559008;8;0
205.7579808;10.52;-8.76;3.1216586;0.0580861;8;0
205.9579399;10.52;-8.79;3.1334923;0.0602731;8;0
206.1578991;10.52;-8.84;3.1457639;0.0624697;8;0
206.3578582;10.51;-8.87;3.1584756;0.0646741;8;0
206.5578174;10.51;-8.9;3.1716288;0.0668843;8;0
206.7577766;10.51;-8.92;3.1852248;0.069109;8;0
206.9577357;10.51;-8.96;3.1992671;0.0713393;8;0
207.1576949;10.51;-8.99;3.2137564;0.0735857;8;0
207.3576541;10.51;-9.03;3.2286961;0.0758459;8;0
207.5576132;10.51;-9.08;3.2440897;0.0781178;8;0
207.7575724;10.51;-9.13;3.2599385;0.0804126;8;0
207.9575316;10.51;-9.18;3.2762488;0.0827188;8;0
208.1574907;10.51;-9.21;3.2930219;0.0850506;8;0
208.3574499;10.5;-9.26;3.310263;0.0874042;8;0
208.5574091;10.5;-9.29;3.3279784;0.0897785;8;0
208.7573682;10.5;-9.31;3.3461695;0.0921866;8;0
208.9573274;10.5;-9.35;3.3648466;0.0946159;8;0
209.1572866;10.5;-9.4;3.3840121;0.0970834;8;0
209.3572457;10.5;-9.45;3.4036733;0.0995835;8;0
209.5572049;10.5;-9.48;3.4238403;0.1021183;8;0
209.7571641;10.5;-9.51;3.4445156;0.1047012;8;0
209.9571232;10.5;-9.54;3.4657141;0.1073186;8;0
210.1570824;10.5;-9.57;3.4874399;0.109992;8;0
210.3570415;10.5;-9.61;3.5097038;0.1127139;8;0
210.5570007;10.49;-9.64;3.5325207;0.1154899;8;0
210.7569599;10.49;-9.68;3.5558948;0.1183323;8;0
210.956919;10.49;-9.72;3.5798472;0.1212327;8;0
211.1568782;10.49;-9.77;3.6043856;0.1242143;8;-0.8264465
211.3568374;10.49;-9.79;3.6295255;0.1272667;7.9793163;-1.5236253
211.5567965;10.49;-9.83;3.655289;0.1304102;7.941043;-1.509044
211.7567557;10.49;-9.86;3.6816848;0.1336444;7.9029532;-1.4946023
211.9567149;10.49;-9.89;3.708742;0.1369845;7.8650461;-1.4802987
212.156674;10.49;-9.92;3.7364774;0.1404441;7.8273208;-1.4661321
212.3566332;10.49;-9.95;3.764913;0.144027;7.7897765;-1.452101
212.5565924;10.49;-9.99;3.7940914;0.1478141;7.7524123;-1.4382042
212.7565515;10.48;-10.02;3.8240345;0.1517256;7.7152273;-1.4244404
212.9565107;10.48;-10.05;3.8547876;0.1559064;7.6782207;-1.4108083
213.1564699;10.48;-10.11;3.886399;0.1603007;7.6413915;-1.3973066
213.356429;10.48;-10.15;3.9189015;0.1648127;7.604739;-1.3839342
213.5563882;10.48;-10.18;3.9523222;0.1694699;7.5682624;-1.3706898
213.7563474;10.48;-10.22;3.9866885;0.1743287;7.5319607;-1.3575721
213.9563065;10.48;-10.26;4.0218714;0.1771872;7.4958331;-1.3445799
214.1562657;10.48;-10.3;4.0575491;0.1796952;7.4598788;-0.8431659
214.3562248;10.48;-10.33;4.093678;0.1804197;7.4372437;-1.3236429
214.556184;10.48;-10.36;4.1294344;0.1772826;7.4015704;-1.3109755
214.7561432;10.47;-10.4;4.164591;0.1743464;7.3660682;-1.2984293
214.9561023;10.47;-10.42;4.1990469;0.1701169;7.3307364;-1.2860031
215.1560615;10.47;-10.45;4.2326278;0.1657861;7.295574;-1.2736959
215.3560207;10.47;-10.48;4.2653647;0.1616334;7.2605802;-1.2615064
215.5559798;10.47;-10.51;4.2972713;0.1575548;7.2257543;-1.2494337
215.755939;10.47;-10.53;4.3283861;0.153638;7.1910955;-1.2374764
215.9558982;10.47;-10.56;4.3587263;0.1498871;7.1566029;-1.2256336
216.1558573;10.47;-10.59;4.3883343;0.1462672;7.1222757;-1.2139041
216.3558165;10.47;-10.61;4.4172335;0.1427803;7.0881132;-1.2022869
216.5557757;10.47;-10.65;4.4454391;0.139376;7.0541146;-1.1907808
216.7557348;10.47;-10.69;4.472982;0.1360901;7.020279;-1.1793849
216.955694;10.47;-10.73;4.4998703;0.1328914;6.9866057;-1.168098
217.1556532;10.46;-10.75;4.5261313;0.1297808;6.953094;-1.1569192
217.3556123;10.46;-10.78;4.5517808;0.126765;6.919743;-1.1458473
217.5555715;10.46;-10.85;4.5768303;0.1238119;6.8865519;-1.1348814
217.7555307;10.46;-10.9;4.6013024;0.1209431;6.8535201;-1.1240204
217.9554898;10.46;-10.94;4.6252025;0.1181406;6.8206467;-1.1132634
218.155449;10.46;-10.98;4.6485514;0.115401;6.787931;-1.1026093
218.3554081;10.46;-11.02;4.6713599;0.1127326;6.7553722;-1.0920572
218.5553673;10.46;-11.05;4.693638;0.1101158;6.7229695;-1.081606
218.7553265;10.46;-11.09;4.7154023;0.1075589;6.6907223;-1.081606
218.9552856;10.46;-11.12;4.7366571;0.1050584;6.6583189;-1.0578907
219.1552448;10.45;-11.14;4.7574187;0.1026037;6.6264728;-0.8795128
219.355204;10.45;-11.18;4.777695;0.1002043;6.5998794;-0.7171148
219.5551631;10.45;-11.23;4.7974946;0.0978487;6.5781168;-0.5686368
219.7551223;10.45;-11.27;4.8168301;0.0955356;6.5608088;-0.4326681
219.9550815;10.45;-11.32;4.8357052;0.0932739;6.5476088;-0.3083983
220.1550406;10.45;-11.35;4.8541332;0.0910462;6.5381837;-0.1939717
220.3549998;10.45;-11.4;4.8721199;0.0888628;6.5322487;-0.0889016
220.554959;10.45;-11.43;4.8896732;0.086718;6.5295268;0.00792
220.7549181;10.45;-11.48;4.9068026;0.0846036;6.5297693;0.0976038
220.9548773;10.44;-11.51;4.9235116;0.0825353;6.5327575;0.1801308
221.1548365;10.44;-11.54;4.9398109;0.0804924;6.5382688;0.2570202
221.3547956;10.44;-11.58;4.9557048;0.0784851;6.5461245;0.3283554
221.5547548;10.44;-11.64;4.9712005;0.0765111;6.5561468;0.3947128
221.754714;10.44;-11.68;4.9863048;0.074559;6.5681743;0.4570224
221.9546731;10.44;-11.73;5.0010206;0.0726368;6.582073;0.5153065
222.1546323;10.44;-11.8;5.0153544;0.0707325;6.5977092;0.5704355
222.3545914;10.44;-11.83;5.0293094;0.0688443;6.614975;0.6227768
222.5545506;10.44;-11.88;5.0428872;0.0669658;6.6337737;0.6728792
222.7545098;10.43;-11.9;5.0560914;0.0651027;6.6540251;0.7207226
222.9544689;10.43;-11.98;5.0689232;0.0632428;6.6756483;0.767067
223.1544281;10.43;-12.02;5.0813841;0.061393;6.6985853;0.8117901
223.3543873;10.43;-12.06;5.0934763;0.0595519;6.7227743;0.8551285
223.5543464;10.43;-12.12;5.1052004;0.0577135;6.7481609;0.8975262
223.7543056;10.43;-12.16;5.1165576;0.055885;6.7747039;0.938785
223.9542648;10.43;-12.19;5.1275497;0.054056;6.8023562;0.9795397
224.1542239;10.43;-12.23;5.1381763;0.0522326;6.8310897;1.0196185
224.3541831;10.42;-12.28;5.1484389;0.0504138;6.860871;1.0591932
224.5541423;10.42;-12.31;5.1583378;0.0485946;6.8916719;1.0986057
224.7541014;10.42;-12.34;5.167873;0.0467812;6.9234741;1.1376642
224.9540606;10.42;-12.44;5.1770461;0.0449636;6.9562538;1.1769487
225.1540198;10.42;-12.47;5.1858553;0.0431481;6.9900036;1.216241
225.3539789;10.42;-12.49;5.1943019;0.0413363;7.0247097;1.2555567
225.5539381;10.42;-12.51;5.2023867;0.0395258;7.0603589;1.295095
225.7538973;10.42;-12.54;5.2101091;0.0377178;7.096943;1.3348787
225.9538564;10.42;-12.57;5.2174685;0.0358846;7.1344546;1.3764017
226.1538156;10.42;-12.6;5.2244603;0.0340486;7.1729276;1.4185782
226.3537747;10.42;-12.63;5.2310869;0.032264;7.2123648;1.4586661
226.5537339;10.41;-12.67;5.237368;0.0305585;7.2526928;1.4952969
226.7536931;10.41;-12.72;5.2433075;0.0288502;7.2938021;1.5329046
226.9536522;10.41;-12.74;5.2490904;0.0292418;7.3357062;1.4583774
227.1536114;10.41;-12.78;5.2550051;0.0299177;7.3753521;1.3706437
227.3535706;10.41;-12.81;5.2610752;0.031126;7.4124195;1.2560806
227.5535297;10.41;-12.83;5.267507;0.0332056;7.4462268;1.0960967
227.7534889;10.41;-12.85;5.2743549;0.0352879;7.4756031;0.9398902
227.9534481;10.41;-12.94;5.2816178;0.0373528;7.5007014;0.7888276
228.1534072;10.41;-12.99;5.2892932;0.0394183;7.5217012;0.6420634
228.3533664;10.4;-13.04;5.2973822;0.0414903;7.5387506;0.499453
228.5533256;10.4;-13.12;5.3058867;0.0435728;7.5519866;0.3609537
228.7532847;10.4;-13.17;5.3148079;0.0456589;7.5615378;0.2271225
228.9532439;10.4;-13.2;5.3241458;0.0477369;7.5675415;0.0987747
229.1532031;10.4;-13.22;5.3338993;0.0498194;7.570151;-0.0247117
229.3531622;10.4;-13.25;5.3440696;0.0519024;7.5694982;-0.1430038
229.5531214;10.4;-13.3;5.3546563;0.0539862;7.5657196;-0.2560392
229.7530806;10.4;-13.34;5.3656601;0.0560773;7.5589496;-0.3641342
229.9530397;10.4;-13.38;5.3770823;0.058166;7.5493109;-0.4666709
230.1529989;10.39;-13.39;5.3889227;0.060264;7.53694;-0.5642945
230.352958;10.39;-13.44;5.4011832;0.0623648;7.521954;-0.6566132
230.5529172;10.39;-13.49;5.4138641;0.0644692;7.5044787;-0.7436704
230.7528764;10.39;-13.52;5.4269662;0.0665859;7.4846372;-0.8259687
230.9528355;10.39;-13.56;5.4404927;0.0687017;7.462538;-0.9027667
231.1527947;10.39;-13.59;5.4544429;0.0708326;7.438309;-0.9750285
231.3527539;10.39;-13.62;5.4688204;0.072971;7.4120516;-1.0423359
231.552713;10.39;-13.65;5.4836265;0.0751182;7.3838784;-1.2199705
231.7526722;10.39;-13.69;5.4988624;0.0772845;7.3507667;-1.3866066
231.9526314;10.39;-13.73;5.5145337;0.0794524;7.3129503;-1.3177802
232.1525905;10.39;-13.77;5.5306394;0.0816435;7.2768288;-1.2671591
232.3525497;10.38;-13.82;5.5471851;0.0838472;7.241925;-1.2550322
232.5525089;10.38;-13.89;5.5641732;0.0860656;7.2071885;-1.2430213
232.752468;10.38;-13.94;5.5816056;0.0883122;7.1726187;-1.2311255
232.9524272;10.38;-13.96;5.5994905;0.0905612;7.1382148;-1.2193434
233.1523864;10.38;-13.99;5.6178263;0.0928434;7.1039758;-1.2076741
233.3523455;10.38;-14.05;5.6366213;0.0951494;7.0699011;-1.1961165
233.5523047;10.38;-14.11;5.6558812;0.0974852;7.0359898;-1.1846695
233.7522638;10.38;-14.17;5.6756091;0.0998601;7.0022412;-1.1733321
233.952223;10.38;-14.19;5.6958199;0.1022775;6.9686544;-1.1621031
234.1521822;10.37;-14.21;5.7165166;0.1047447;6.9352288;-1.1509816
234.3521413;10.37;-14.23;5.7377112;0.1072601;6.9019634;-1.1399666
234.5521005;10.37;-14.26;5.7594172;0.1098405;6.8688577;-1.129057
234.7520597;10.37;-14.3;5.7816408;0.1124739;6.8359107;-1.1182517
234.9520188;10.37;-14.34;5.8044039;0.1151939;6.8031218;-1.1075499
235.151978;10.37;-14.38;5.8277152;0.117984;6.7704901;-1.0969505
235.3519372;10.37;-14.41;5.8515912;0.120853;6.738015;-1.0864525
235.5518963;10.37;-14.45;5.8760546;0.1238309;6.7056956;-1.076055
235.7518555;10.37;-14.49;5.9011168;0.126881;6.6735312;-1.065757
235.9518147;10.37;-14.51;5.9268088;0.1300881;6.6415212;-1.0555576
236.1517738;10.37;-14.55;5.9531496;0.1333968;6.6096646;-1.0454558
236.351733;10.37;-14.58;5.9801622;0.1368252;6.5779609;-1.0354506
236.5516922;10.37;-14.6;6.00788;0.1404158;6.5464092;-1.0255412
236.7516513;10.36;-14.62;6.0363223;0.1441082;6.5150089;-1.0157267
236.9516105;10.36;-14.64;6.0655315;0.1480455;6.4837592;-1.006006
237.1515697;10.36;-14.67;6.0955413;0.1521469;6.4526594;-0.9963784
237.3515288;10.36;-14.7;6.1263764;0.1561789;6.4217088;-0.9868429
237.551488;10.36;-14.72;6.1580025;0.1601567;6.3909066;-0.9773987
237.7514471;10.36;-14.75;6.1904343;0.1643022;6.3602521;-0.9680449
237.9514063;10.36;-14.78;6.2233423;0.1647537;6.3297447;-0.9587805
238.1513655;10.36;-14.81;6.2563312;0.1652345;6.2993836;-0.9496049
238.3513246;10.36;-14.85;0.0061321;0.1635991;6.2691682;-0.940517
238.5512838;10.36;-14.89;0.0384582;0.1597619;6.2390977;-0.9315161
238.751243;10.36;-14.91;0.0700361;0.1560801;6.2091714;-0.9226014
238.9512021;10.36;-14.97;0.1007429;0.1511028;6.1793887;-0.913772
239.1511613;10.36;-14.99;0.1304713;0.1462543;6.1497488;-0.9050271
239.3511205;10.35;-15.06;0.1592435;0.1415406;6.1202511;-0.8963658
239.5510796;10.35;-15.11;0.1870797;0.1369043;6.0908949;-0.8963658
239.7510388;10.35;-15.15;0.2140034;0.132379;6.0613965;-0.7820779
239.950998;10.35;-15.19;0.2400295;0.1279789;6.0355414;-0.5599027
240.1509571;10.35;-15.21;0.2651878;0.1236575;6.0169631;-0.3600946
240.3509163;10.35;-15.26;0.2894903;0.1194358;6.0049843;-0.1805853
240.5508755;10.35;-15.29;0.3129549;0.1152782;5.998968;-0.0175838
240.7508346;10.35;-15.33;0.3355987;0.1111916;5.9983818;0.1307287
240.9507938;10.35;-15.36;0.3574283;0.1071848;6.0027382;0.2658486
241.150753;10.35;-15.4;0.3784654;0.103226;6.0115874;0.3905293
241.3507121;10.34;-15.46;0.3987158;0.0993348;6.0245633;0.5053755
241.5506713;10.34;-15.51;0.4181928;0.095488;6.0413137;0.6124409
241.7506304;10.34;-15.55;0.4369077;0.0916856;6.0615508;0.7127264
241.9505896;10.34;-15.61;0.4548632;0.0879328;6.0850169;0.8069307
242.1505488;10.34;-15.65;0.4720743;0.0842089;6.1114758;0.8966147
242.3505079;10.34;-15.68;0.4885436;0.0805271;6.1407418;0.9819577
242.5504671;10.34;-15.71;0.5042794;0.0768724;6.1726342;1.0641509
242.7504263;10.34;-15.76;0.5192892;0.0732444;6.207011;1.1437396
242.9503854;10.34;-15.79;0.5335735;0.0696453;6.2437479;1.2211283
243.1503446;10.34;-15.82;0.547142;0.0660631;6.2827335;1.2972226
243.3503038;10.33;-15.87;0.5599951;0.0624957;6.3238851;1.372504
243.5502629;10.33;-15.92;0.5721354;0.0589367;6.3671353;1.4475969
243.7502221;10.33;-15.96;0.5835667;0.0553913;6.4124358;1.5226239
243.9501813;10.33;-15.99;0.5942873;0.0518457;6.4597413;1.5984831
244.1501404;10.33;-16.04;0.6043009;0.048309;6.5090338;1.6750888
244.3500996;10.33;-16.07;0.6136077;0.0447775;6.5602911;1.7528981
244.5500588;10.33;-16.11;0.6222084;0.0412484;6.613504;1.8323233
244.7500179;10.33;-16.2;0.6301045;0.0377257;6.6686742;1.9134661
244.9499771;10.33;-16.26;0.6372956;0.0342025;6.7258045;1.9969209
245.1499363;10.32;-16.29;0.6437829;0.0306831;6.7849135;2.0827727
245.3498954;10.32;-16.32;0.6495666;0.0271652;6.84602;2.1714112
245.5498546;10.32;-16.36;0.6546468;0.0236478;6.9091517;2.2631852
245.7498137;10.32;-16.39;0.659024;0.0201323;6.9743434;2.3583164
245.9497729;10.32;-16.45;0.662698;0.0166157;7.0416333;2.457264
246.1497321;10.32;-16.51;0.665669;0.0130999;7.1110692;2.5602608
246.3496912;10.32;-16.54;0.6679369;0.0095835;7.1827015;2.667707
246.5496504;10.32;-16.57;0.6695016;0.0060663;7.2565877;2.7799724
246.7496096;10.32;-16.6;0.6703629;0.0025485;7.3327912;2.8974142
246.9495687;10.32;-16.68;0.6705206;-0.0009712;7.4113802;2.9138115
247.1495279;10.32;-16.72;0.6699745;-0.0044919;7.4895823;2.6479305
247.3494871;10.32;-16.79;0.6687241;-0.008015;7.559947;2.3810545
247.5494462;10.32;-16.82;0.6667689;-0.0115403;7.6226653;2.1142186
247.7494054;10.32;-16.86;0.6641089;-0.0150676;7.6779256;1.8484657
247.9493646;10.31;-16.89;0.6607428;-0.0185989;7.7259159;1.5846849
248.1493237;10.31;-16.92;0.6566706;-0.0221328;7.7668218;1.3239579
248.3492829;10.31;-16.94;0.6518911;-0.0256721;7.800833;1.0670637
248.5492421;10.31;-16.97;0.6464034;-0.0292166;7.8281373;0.8149404
248.7492012;10.31;-17;0.640207;-0.0327637;7.8489263;0.5686265
248.9491604;10.31;-17.03;0.6333001;-0.0363159;7.8633993;0.3287984
249.1491196;10.31;-17.11;0.6256831;-0.039873;7.8717559;0.0962543
249.3490787;10.31;-17.17;0.6173528;-0.0434542;7.8742005;-0.1294751
249.5490379;10.31;-17.19;0.6083036;-0.047055;7.8709119;-0.3474067
249.748997;10.31;-17.26;0.5985352;-0.0506259;7.8620812;-0.5538235
249.9489562;10.31;-17.31;0.5880802;-0.0539415;7.8479829;-0.734415
250.1489154;10.31;-17.34;0.5769629;-0.057257;7.8292484;-0.9053389
250.3488745;10.31;-17.36;0.5653168;-0.0584321;7.8060918;-0.9358886
250.5488337;10.31;-17.38;0.5536429;-0.058331;7.7820813;-0.8868489
250.7487929;10.31;-17.42;0.5419903;-0.0581317;7.7592604;-0.8341796
250.948752;10.31;-17.44;0.5304528;-0.0572695;7.7377334;-0.7443418
251.1487112;10.31;-17.49;0.5190866;-0.0564165;7.7184741;-0.6596538
251.3486704;10.31;-17.53;0.5078859;-0.0556393;7.7013658;-0.5837502
251.5486295;10.31;-17.57;0.4968338;-0.0549058;7.6861943;-0.5141977
251.7485887;10.3;-17.6;0.4859276;-0.0541792;7.6728056;-0.4484693
251.9485479;10.3;-17.62;0.4751657;-0.0534646;7.6611092;-0.3866312
252.148507;10.3;-17.68;0.4645458;-0.0527558;7.6510113;-0.3280883
252.3484662;10.3;-17.7;0.4540666;-0.0520629;7.6424319;-0.2732325
252.5484254;10.3;-17.75;0.4437245;-0.0513802;7.6352796;-0.2215294
252.7483845;10.3;-17.78;0.4335181;-0.0507039;7.6294758;-0.1725703
252.9483437;10.3;-17.86;0.4234463;-0.0500377;7.6249516;-0.1264052
253.1483029;10.3;-17.9;0.4135069;-0.0493763;7.621636;-0.0825748
253.348262;10.3;-17.95;0.4036995;-0.0487194;7.6194693;-0.0409295
253.5482212;10.3;-17.99;0.394023;-0.0480667;7.6183951;-0.0013163
253.7481803;10.3;-18.01;0.3844763;-0.0474187;7.6183605;0.0363501
253.9481395;10.3;-18.04;0.3750592;-0.0467742;7.6193145;0.0722467
254.1480987;10.3;-18.06;0.3657702;-0.0461337;7.6212103;0.1064538
254.3480578;10.3;-18.11;0.3566092;-0.0454965;7.6240029;0.1391
254.548017;10.3;-18.14;0.3475752;-0.0448627;7.6276502;0.1702785
254.7479762;10.31;-18.15;0.3386674;-0.0442327;7.6321128;0.2000447
254.9479353;10.31;-18.19;0.3298857;-0.043605;7.6373521;0.2285672
255.1478945;10.31;-18.22;0.3212288;-0.0429806;7.6433341;0.2558549
255.3478537;10.31;-18.24;0.3126967;-0.042359;7.6500246;0.2820198
255.5478128;10.32;-18.29;0.3042886;-0.04174;7.6573926;0.3071304
255.747772;10.33;-18.35;0.2960037;-0.041124;7.6654086;0.3312211
255.9477312;10.33;-18.38;0.2878423;-0.0405098;7.6740439;0.3544278
256.1476903;10.33;-18.41;0.279803;-0.0398984;7.6832735;0.376738
256.3476495;10.34;-18.45;0.271886;-0.039289;7.693072;0.3982521
256.5476087;10.34;-18.49;0.2640905;-0.0386817;7.7034164;0.4190148
256.7475678;10.34;-18.52;0.2564161;-0.0380768;7.7142852;0.4390451
256.947527;10.35;-18.54;0.2488629;-0.0374732;7.7256572;0.4584563
257.1474862;10.35;-18.6;0.2414298;-0.036872;7.7375141;0.4772244
257.3474453;10.36;-18.63;0.2341169;-0.0362722;7.7498371;0.4954354
257.5474045;10.36;-18.65;0.2269238;-0.0356741;7.7626096;0.5131183
257.7473636;10.37;-18.7;0.2198499;-0.0350779;7.775816;0.5302835
257.9473228;10.37;-18.75;0.2128955;-0.0344827;7.7894405;0.547026
258.147282;10.37;-18.77;0.2060596;-0.0338893;7.8034704;0.5633162
258.3472411;10.38;-18.82;0.1993424;-0.033297;7.8178917;0.579228
258.5472003;10.38;-18.85;0.1927435;-0.0327059;7.8326926;0.5947793
258.7471595;10.39;-18.91;0.1862625;-0.0321164;7.8478619;0.6099755
258.9471186;10.39;-18.94;0.1798996;-0.0315275;7.8633884;0.6248969
259.1470778;10.39;-18.99;0.173654;-0.0309401;7.879263;0.6395116
259.347037;10.39;-19.02;0.167526;-0.0303534;7.8954758;0.6538834
259.5469961;10.39;-19.04;0.1615151;-0.0297677;7.9120186;0.6680227
259.7469553;10.39;-19.08;0.1556211;-0.0291832;7.9288834;0.6819319
259.9469145;10.39;-19.12;0.1498442;-0.028599;7.9460625;0.6956794
260.1468736;10.39;-19.16;0.1441838;-0.0280159;7.9635497;0.7092328
260.3468328;10.4;-19.19;0.13864;-0.0274334;7.9813382;0.7226481
260.546792;10.4;-19.22;0.1332127;-0.0268515;7.9994225;0.0231058
260.7467511;10.4;-19.25;0.1279015;-0.0262705;8;0
260.9467103;10.4;-19.3;0.1227066;-0.0256896;8;0
261.1466695;10.4;-19.35;0.1176277;-0.0251096;8;0
261.3466286;10.4;-19.37;0.1126648;-0.0245299;8;0
261.5465878;10.4;-19.4;0.1078177;-0.0239506;8;0
261.7465469;10.4;-19.43;0.1030864;-0.023372;8;0
261.9465061;10.4;-19.46;0.0984709;-0.0227933;8;0
262.1464653;10.4;-19.5;0.0939709;-0.0222152;8;0
262.3464244;10.4;-19.52;0.0895866;-0.0216373;8;0
262.5463836;10.4;-19.55;0.0853177;-0.0210596;8;0
262.7463428;10.4;-19.58;0.0811644;-0.0204823;8;0
262.9463019;10.41;-19.59;0.0771265;-0.0199049;8;0
263.1462611;10.41;-19.62;0.073204;-0.0193279;8;0
263.3462203;10.41;-19.68;0.0693969;-0.0187509;8;0
263.5461794;10.41;-19.72;0.0657052;-0.018174;8;0
263.7461386;10.41;-19.75;0.0621288;-0.0175973;8;0
263.9460978;10.41;-19.79;0.0586677;-0.0170203;8;0
264.1460569;10.41;-19.81;0.055322;-0.0164436;8;0
264.3460161;10.41;-19.85;0.0520916;-0.0158668;8;0
264.5459753;10.41;-19.88;0.0489766;-0.0152901;8;0
264.7459344;10.41;-19.93;0.0459768;-0.0147135;8;0
264.9458936;10.41;-19.98;0.0430924;-0.0141366;8;0
265.1458527;10.41;-20;0.0403233;-0.0135598;8;0
265.3458119;10.42;-20.04;0.0376696;-0.0129827;8;0
265.5457711;10.42;-20.07;0.0351313;-0.0124056;8;0
265.7457302;10.42;-20.11;0.0327084;-0.0118286;8;0
265.9456894;10.42;-20.14;0.0304008;-0.0112514;8;0
266.1456486;10.42;-20.16;0.0282087;-0.0106744;8;0
266.3456077;10.42;-20.2;0.026132;-0.0100968;8;0
266.5455669;10.42;-20.24;0.0241708;-0.0095191;8;0
266.7455261;10.42;-20.3;0.0223251;-0.0089413;8;0
266.9454852;10.42;-20.32;0.020595;-0.0083633;8;0
267.1454444;10.42;-20.34;0.0189805;-0.0077853;8;0
267.3454036;10.42;-20.41;0.0174815;-0.007207;8;0
267.5453627;10.43;-20.44;0.0160983;-0.0066285;8;0
267.7453219;10.43;-20.48;0.0148307;-0.0060498;8;0
267.9452811;10.43;-20.52;0.0136789;-0.0054709;8;0
268.1452402;10.43;-20.57;0.0126428;-0.0048919;8;0
268.3451994;10.43;-20.61;0.0117225;-0.0043124;8;0
268.5451586;10.43;-20.64;0.0109182;-0.0037326;8;0
268.7451177;10.43;-20.69;0.0102298;-0.0031523;8;0
268.9450769;10.43;-20.72;0.0096577;-0.0025699;8;0
269.145036;10.43;-20.75;0.0092021;-0.0019874;8;0
269.3449952;10.43;-20.78;0.0088636;-0.001396;8;0
269.5449544;10.44;-20.91;0.0086439;-0.0008013;8;0
269.7449135;10.44;-20.98;0.0085433;-0.0002002;8;0
269.9448727;10.44;-21.03;0.0085654;0.0004219;8;0
270.1448319;10.44;-21.05;0.008712;0.0010442;8;0
270.344791;10.44;-21.09;0.0089777;0.0015933;8;0
270.5447502;10.44;-21.15;0.0093485;0.0021157;8;0
270.7447094;10.44;-21.19;0.0098223;0.0025733;8;0
270.9446685;10.44;-21.24;0.0103614;0.0028188;8;0
271.1446277;10.45;-21.29;0.0109495;0.0030642;8;0
271.3445869;10.45;-21.33;0.0115754;0.0031557;8;0
271.544546;10.45;-21.36;0.0122101;0.003192;8;0
271.7445052;10.45;-21.39;0.0128514;0.0032046;8;0
271.9444644;10.45;-21.44;0.0134859;0.0031418;8;0
272.1444235;10.45;-21.47;0.0141079;0.003079;8;0
272.3443827;10.45;-21.51;0.0147174;0.0030177;8;0
272.5443419;10.45;-21.55;0.0153147;0.002957;8;0
272.744301;10.45;-21.61;0.0159;0.0028967;8;0
272.9442602;10.45;-21.67;0.0164733;0.0028378;8;0
273.1442193;10.46;-21.72;0.0170348;0.0027789;8;0
273.3441785;10.46;-21.77;0.0175843;0.0027158;8;0
273.5441377;10.46;-21.82;0.0181209;0.0026513;8;0
273.7440968;10.46;-21.85;0.0186445;0.0025836;8;0
273.944056;10.46;-21.89;0.0191534;0.0025061;8;0
274.1440152;10.46;-21.94;0.0196468;0.0024286;8;0
274.3439743;10.46;-21.98;0.0201246;0.0023504;8;0
274.5439335;10.46;-22.01;0.0205868;0.002272;8;0
274.7438927;10.46;-22.06;0.0210332;0.0021938;8;0
274.9438518;10.46;-22.09;0.0214641;0.0021161;8;0
275.143811;10.47;-22.12;0.0218795;0.0020384;8;0
275.3437702;10.47;-22.17;0.0222794;0.0019618;8;0
275.5437293;10.47;-22.21;0.0226641;0.0018854;8;0
275.7436885;10.47;-22.26;0.0230334;0.0018087;8;0
275.9436477;10.47;-22.3;0.0233873;0.0017306;8;0
276.1436068;10.47;-22.33;0.0237255;0.0016526;8;0
276.343566;10.47;-22.37;0.0240478;0.001569;8;0
276.5435252;10.47;-22.41;0.024353;0.0014836;8;0
276.7434843;10.47;-22.47;0.0246411;0.0013981;8;0
276.9434435;10.48;-22.52;0.0249121;0.0013122;8;0
277.1434026;10.48;-22.56;0.0251659;0.0012264;8;0
277.3433618;10.48;-22.59;0.0254026;0.0011411;8;0
277.543321;10.48;-22.66;0.0256222;0.0010561;8;0
277.7432801;10.48;-22.69;0.0258249;0.0009714;8;0
277.9432393;10.48;-22.72;0.0260108;0.0008876;8;0
278.1431985;10.48;-22.76;0.0261799;0.0008037;8;0
278.3431576;10.48;-22.8;0.0263323;0.0007208;8;0
278.5431168;10.48;-22.84;0.0264681;0.0006381;8;0
278.743076;10.48;-22.87;0.0265875;0.0005555;8;0
278.9430351;10.48;-22.95;0.0266903;0.0004735;8;0
279.1429943;10.47;-22.98;0.0267768;0.0003914;8;0
279.3429535;10.47;-23.01;0.026847;0.0003105;8;0
279.5429126;10.46;-23.08;0.026901;0.0002298;8;0
279.7428718;10.45;-23.1;0.0269389;0.0001498;8;0
279.942831;10.44;-23.13;0.026961;0.0000712;8;0
280.1427901;10.44;-23.15;0.0269674;-0.0000074;8;0
280.3427493;10.43;-23.19;0.0269581;-0.000085;8;0
280.5427085;10.41;-23.24;0.0269333;-0.0001624;8;0
280.7426676;10.4;-23.29;0.0268932;-0.0002395;8;0
280.9426268;10.39;-23.31;0.0268376;-0.0003162;8;0
281.1425859;10.38;-23.33;0.0267667;-0.0003929;8;0
281.3425451;10.37;-23.36;0.0266806;-0.000468;8;0
281.5425043;10.36;-23.4;0.0265796;-0.0005427;8;0
281.7424634;10.34;-23.45;0.0264636;-0.0006167;8;0
281.9424226;10.33;-23.47;0.026333;-0.0006891;8;0
282.1423818;10.32;-23.51;0.026188;-0.0007615;8;0
282.3423409;10.31;-23.54;0.0260285;-0.0008342;8;0
282.5423001;10.3;-23.57;0.0258544;-0.000907;8;0
282.7422593;10.29;-23.58;0.0256627;-0.001085;8;0
282.9422184;10.28;-23.61;0.0254016;-0.0015265;8;0
283.1421776;10.27;-23.65;0.0250523;-0.0019679;8;0
283.3421368;10.26;-23.66;0.0245565;-0.0031479;8;0
283.5420959;10.22;-23.72;0.0237892;-0.0045271;8;0
283.7420551;10.21;-23.74;0.0227497;-0.0057788;8;0
283.9420143;10.2;-23.77;0.0215003;-0.0067183;8;0
284.1419734;10.18;-23.79;0.020063;-0.0076575;8;0
284.3419326;10.16;-23.82;0.0184085;-0.008968;8;0
284.5418918;10.14;-23.86;0.0164745;-0.0103766;8;0
284.7418509;10.12;-23.89;0.0142578;-0.0118166;8;0
284.9418101;10.1;-23.92;0.0117434;-0.0133329;8;0
285.1417692;10.09;-23.93;0.0089257;-0.0148492;8;0
285.3417284;10.07;-23.97;0.005806;-0.0163517;8;0
285.5416876;10.05;-23.99;0.0023864;-0.0178508;8;0
285.7416467;10.03;-24.02;6.2818525;-0.0193466;8;0
285.9416059;10.01;-24.06;6.2778352;-0.0208345;8;0
286.1415651;9.98;-24.1;6.2735204;-0.0223228;8;0
286.3415242;9.97;-24.12;6.2689085;-0.0238038;8;0
286.5414834;9.96;-24.13;6.2640008;-0.0252836;8;0
286.7414426;9.93;-24.19;6.2587971;-0.0267634;8;0
286.9414017;9.9;-24.22;6.2532976;-0.0282427;8;0
287.1413609;9.89;-24.24;6.2475022;-0.0297233;8;0
287.3413201;9.87;-24.28;6.241411;-0.0312013;8;0
287.5412792;9.86;-24.3;6.2350241;-0.0326804;8;0
287.7412384;9.85;-24.32;6.2283414;-0.0341596;8;0
287.9411976;9.82;-24.36;6.221363;-0.0356382;8;0
288.1411567;9.8;-24.38;6.2140889;-0.0371192;8;0
288.3411159;9.78;-24.43;6.2065186;-0.0385983;8;0
288.5410751;9.76;-24.46;6.1986524;-0.0400798;8;0
288.7410342;9.75;-24.48;6.1904898;-0.0415623;8;0
288.9409934;9.74;-24.51;6.1820308;-0.0430452;8;0
289.1409525;9.71;-24.57;6.173275;-0.044532;8;0
289.3409117;9.69;-24.63;6.1642217;-0.0460178;8;0
289.5408709;9.68;-24.66;6.1548712;-0.0475077;8;0
289.74083;9.67;-24.71;6.1452224;-0.0490003;8;0
289.9407892;9.65;-24.74;6.1352748;-0.0504951;8;0
290.1407484;9.64;-24.77;6.1250282;-0.0519959;8;0
290.3407075;9.63;-24.82;6.1144807;-0.0534979;8;0
290.5406667;9.62;-24.85;6.1036326;-0.0550067;8;0
290.7406259;9.6;-24.88;6.0924823;-0.0565205;8;0
290.940585;9.59;-24.91;6.0810285;-0.058039;8;0
291.1405442;9.58;-24.95;6.0692709;-0.0595663;8;0
291.3405034;9.57;-24.98;6.0572067;-0.0610972;8;0
291.5404625;9.55;-25.02;6.0448359;-0.0626383;8;0
291.7404217;9.55;-25.05;6.0321562;-0.0641874;8;0
291.9403809;9.53;-25.09;6.0191653;-0.0657458;8;0
292.14034;9.52;-25.13;6.0058626;-0.0673166;8;0
292.3402992;9.5;-25.16;5.9922439;-0.0688944;8;0
292.5402584;9.5;-25.18;5.978309;-0.0704863;8;0
292.7402175;9.49;-25.2;5.9640547;-0.0720908;8;0
292.9401767;9.48;-25.23;5.9494772;-0.0737117;8;0
293.1401358;9.47;-25.26;5.9345751;-0.075349;8;0
293.340095;9.45;-25.33;5.9193431;-0.0769987;8;0
293.5400542;9.44;-25.36;5.90378;-0.0786679;8;0
293.7400133;9.41;-25.44;5.8878816;-0.0803563;8;0
293.9399725;9.4;-25.47;5.8716421;-0.0820699;8;0
294.1399317;9.39;-25.5;5.8550591;-0.0838047;8;0
294.3398908;9.38;-25.53;5.8381256;-0.0855643;8;0
294.53985;9.36;-25.58;5.8208382;-0.0873509;8;0
294.7398092;9.34;-25.64;5.8031911;-0.0891694;8;0
294.9397683;9.32;-25.69;5.7851743;-0.0910358;8;0
295.1397275;9.3;-25.72;5.7667825;-0.0929311;8;0
295.3396867;9.29;-25.74;5.7480101;-0.0948284;8;0
295.5396458;9.27;-25.78;5.7288563;-0.0967555;8;0
295.739605;9.26;-25.81;5.70932;-0.0985581;8;0
295.9395642;9.24;-25.84;5.6894574;-0.1001147;8;0
296.1395233;9.23;-25.89;5.6692806;-0.1016977;8;0
296.3394825;9.22;-25.9;5.6489843;-0.1010102;8;0
296.5394416;9.2;-25.95;5.6288882;-0.0999966;8;0
296.7394008;9.19;-25.96;5.608999;-0.0988016;8;0
296.93936;9.17;-26.01;5.5893974;-0.0972677;8;0
297.1393191;9.14;-26.06;5.5700969;-0.095772;8;0
297.3392783;9.13;-26.09;5.551095;-0.094299;8;0
297.5392375;9.11;-26.13;5.5323838;-0.0928545;8;0
297.7391966;9.1;-26.16;5.5139573;-0.0914598;8;0
297.9391558;9.08;-26.2;5.4958043;-0.0901196;8;0
298.139115;9.07;-26.23;5.4779143;-0.0888098;8;0
298.3390741;9.05;-26.27;5.4602849;-0.0875365;8;0
298.5390333;9.04;-26.29;5.4429061;-0.0862887;8;0
298.7389925;9.01;-26.34;5.4257739;-0.0850716;8;0
298.9389516;9.01;-26.36;5.4088828;-0.0838843;8;0
299.1389108;8.99;-26.39;5.3922248;-0.0827225;8;0
299.33887;8.98;-26.42;5.375799;-0.0815816;8;0
299.5388291;8.96;-26.47;5.3595981;-0.0804623;8;0
299.7387883;8.95;-26.49;5.3436185;-0.0793679;8;0
299.9387475;8.93;-26.52;5.3278563;-0.0782945;8;0
300.1387066;8.92;-26.54;5.3123053;-0.0772411;8;0
300.3386658;8.89;-26.6;5.2969649;-0.076205;8;0
300.5386249;8.88;-26.64;5.2818289;-0.0751873;8;0
300.7385841;8.85;-26.7;5.2668944;-0.074187;8;0
300.9385433;8.83;-26.74;5.2521593;-0.0732001;8;0
301.1385024;8.81;-26.77;5.2376187;-0.0722319;8;0
301.3384616;8.8;-26.79;5.223272;-0.0712711;8;0
301.5384208;8.79;-26.83;5.2091156;-0.0703232;8;0
301.7383799;8.78;-26.84;5.1951473;-0.0693865;8;0
301.9383391;8.77;-26.87;5.1813662;-0.0684577;8;0
302.1382983;8.75;-26.9;5.1677685;-0.0675441;8;0
302.3382574;8.74;-26.94;5.1543539;-0.0666334;8;0
302.5382166;8.71;-26.99;5.1411199;-0.0657348;8;0
302.7381758;8.69;-27.04;5.1280642;-0.0648491;8;0
302.9381349;8.67;-27.07;5.115185;-0.0639724;8;0
303.1380941;8.65;-27.11;5.1024796;-0.063107;8;0
303.3380533;8.65;-27.13;5.0899469;-0.0622482;8;0
303.5380124;8.63;-27.17;5.0775848;-0.0613999;8;0
303.7379716;8.62;-27.19;5.0653914;-0.0605551;8;0
303.9379308;8.6;-27.22;5.0533677;-0.059708;8;0
304.1378899;8.59;-27.24;5.0415123;-0.0588711;8;0
304.3378491;8.58;-27.28;5.0298188;-0.0580933;8;0
304.5378082;8.55;-27.33;5.018279;-0.0573296;8;0
304.7377674;8.54;-27.36;5.0068845;-0.0567373;8;0
304.9377266;8.52;-27.4;4.9955741;-0.0563912;8;0
305.1376857;8.5;-27.44;4.9843324;-0.0560491;8;0
305.3376449;8.47;-27.5;4.9730085;-0.0573801;8;0
305.5376041;8.47;-27.52;4.9613829;-0.0589002;8;0
305.7375632;8.43;-27.59;4.9494445;-0.0606334;8;0
305.9375224;8.42;-27.63;4.9371151;-0.062688;8;0
306.1374816;8.4;-27.65;4.9243736;-0.0647539;8;0
306.3374407;8.38;-27.69;4.9112161;-0.0668513;8;0
306.5373999;8.38;-27.71;4.8976374;-0.0689662;8;0
306.7373591;8.36;-27.75;4.8836347;-0.0710861;8;0
306.9373182;8.34;-27.8;4.8692079;-0.0732127;8;0
307.1372774;8.31;-27.86;4.8543546;-0.0753563;8;0
307.3372366;8.29;-27.9;4.8390706;-0.0775139;8;0
307.5371957;8.27;-27.93;4.8233535;-0.0796933;8;0
307.7371549;8.26;-27.95;4.8071988;-0.0818891;8;0
307.9371141;8.25;-27.99;4.7906025;-0.0841083;8;0
308.1370732;8.24;-28;4.7735609;-0.0863533;8;0
308.3370324;8.2;-28.08;4.7560668;-0.088621;8;0
308.5369915;8.19;-28.11;4.738117;-0.0909207;8;0
308.7369507;8.17;-28.15;4.7197045;-0.0932469;8;0
308.9369099;8.15;-28.21;4.7008228;-0.0956096;8;0
309.136869;8.14;-28.22;4.6814666;-0.098008;8;0
309.3368282;8.13;-28.25;4.6616252;-0.1004438;8;0
309.5367874;8.12;-28.26;4.6412934;-0.1029251;8;0
309.7367465;8.1;-28.31;4.6204615;-0.1054462;8;0
309.9367057;8.07;-28.37;4.5991193;-0.1080215;8;0
310.1366649;8.06;-28.39;4.577259;-0.1106459;8;0
310.336624;8.05;-28.41;4.5548663;-0.113327;8;0
310.5365832;8.03;-28.46;4.5319323;-0.1160722;8;0
310.7365424;8.02;-28.48;4.5084439;-0.1188769;8;0
310.9365015;8;-28.51;4.4843856;-0.1217613;8;0
311.1364607;7.99;-28.53;4.4597456;-0.1247108;8;0
311.3364199;7.98;-28.57;4.4345059;-0.1277469;8;0
311.536379;7.97;-28.58;4.4086509;-0.1308717;8;0
311.7363382;7.95;-28.64;4.3821777;-0.1337365;8;0
311.9362974;7.94;-28.65;4.3551879;-0.1362306;8;0
312.1362565;7.92;-28.68;4.3276905;-0.1388187;8;0
312.3362157;7.91;-28.71;4.3000578;-0.1372378;8;0
312.5361748;7.9;-28.75;4.2728034;-0.1353783;8;0
312.736134;7.88;-28.77;4.2459345;-0.1330462;8;0
312.9360932;7.87;-28.8;4.2196368;-0.1300009;8;0
313.1360523;7.85;-28.84;4.1939383;-0.1270473;8;0
313.3360115;7.84;-28.86;4.1688215;-0.1241889;8;0
313.5359707;7.83;-28.88;4.1442687;-0.1214;8;0
313.7359298;7.83;-28.9;4.1202652;-0.1187035;8;0
313.935889;7.8;-28.95;4.0967926;-0.1160838;8;0
314.1358482;7.78;-28.99;4.0738364;-0.1135291;8;0
314.3358073;7.77;-29.02;4.0513836;-0.1110612;8;0
314.5357665;7.76;-29.05;4.0294182;-0.1086445;8;0
314.7357257;7.75;-29.08;4.00793;-0.1062963;8;0
314.9356848;7.74;-29.1;3.9869051;-0.1040065;8;0
315.135644;7.73;-29.13;3.9663323;-0.1017636;8;0
315.3356032;7.72;-29.18;3.9462039;-0.0995754;8;0
315.5355623;7.7;-29.22;3.9265084;-0.0974245;8;0
315.7355215;7.69;-29.26;3.9072387;-0.0953197;8;0
315.9354807;7.67;-29.31;3.8883863;-0.0932518;8;0
316.1354398;7.66;-29.35;3.8699429;-0.0912183;8;0
316.335399;7.66;-29.39;3.8519039;-0.0892196;8;0
316.5353581;7.65;-29.44;3.834261;-0.087248;8;0
316.7353173;7.64;-29.49;3.8170095;-0.0853051;8;0
316.9352765;7.64;-29.51;3.8001448;-0.0833827;8;0
317.1352356;7.64;-29.57;3.7836611;-0.0814857;8;0
317.3351948;7.64;-29.61;3.7675561;-0.0796051;8;0
317.535154;7.64;-29.68;3.7518246;-0.0777437;8;0
317.7351131;7.65;-29.73;3.7364633;-0.0759023;8;0
